Created by PLY version 3.11 (http://www.dabeaz.com/ply)

Unused terminals:

    COLON

Grammar

Rule 0     S' -> program
Rule 1     program -> element_list
Rule 2     element_list -> element
Rule 3     element_list -> element element_list
Rule 4     element -> block
Rule 5     element -> function
Rule 6     block -> command
Rule 7     block -> command block
Rule 8     command -> list_vars ATRIB list_exps
Rule 9     command -> call_function
Rule 10    command -> rotulo
Rule 11    command -> BREAK
Rule 12    command -> DO block END
Rule 13    command -> struct_while
Rule 14    command -> struct_repeat
Rule 15    command -> if
Rule 16    command -> struct_for
Rule 17    command -> struct_for_in
Rule 18    command -> LOCAL list_vars ATRIB list_exps
Rule 19    command -> command_ret
Rule 20    command_ret -> RETURN SEMICOLON
Rule 21    command_ret -> RETURN list_exps
Rule 22    command_ret -> RETURN list_exps SEMICOLON
Rule 23    rotulo -> DUALCOLON NAME DUALCOLON
Rule 24    list_vars -> var
Rule 25    list_vars -> var COMMA list_vars
Rule 26    var -> NAME
Rule 27    var -> prefix_exp LCOLCH exp RCOLCH
Rule 28    exp -> prefix_exp args
Rule 29    prefix_exp -> NAME
Rule 30    prefix_exp -> LPAREN exp RPAREN
Rule 31    prefix_exp -> prefix_exp sufix_exp
Rule 32    sufix_exp -> DOT NAME
Rule 33    sufix_exp -> DOT call_function
Rule 34    list_names -> NAME
Rule 35    list_names -> NAME COMMA list_names
Rule 36    list_exps -> exp COMMA list_exps
Rule 37    list_exps -> exp
Rule 38    exp -> NIL
Rule 39    exp -> FALSE
Rule 40    exp -> TRUE
Rule 41    exp -> NUMBER
Rule 42    exp -> STRING
Rule 43    exp -> VARARGS
Rule 44    exp -> def_function
Rule 45    exp -> prefix_exp
Rule 46    exp -> TAG exp
Rule 47    exp -> MINUS exp
Rule 48    exp -> NOT exp
Rule 49    exp -> exp PLUS exp
Rule 50    exp -> exp MINUS exp
Rule 51    exp -> exp TIMES exp
Rule 52    exp -> exp DIVIDE exp
Rule 53    exp -> exp EXPO exp
Rule 54    exp -> exp PERCENTUAL exp
Rule 55    exp -> exp CONCAT exp
Rule 56    exp -> exp LT exp
Rule 57    exp -> exp LTEQUALS exp
Rule 58    exp -> exp GT exp
Rule 59    exp -> exp GTEQUALS exp
Rule 60    exp -> exp EQUALS exp
Rule 61    exp -> exp DIF exp
Rule 62    exp -> exp AND exp
Rule 63    exp -> exp OR exp
Rule 64    call_function -> prefix_exp args
Rule 65    def_function -> function
Rule 66    args -> LPAREN list_exps RPAREN
Rule 67    body_function -> LPAREN list_pars RPAREN block END
Rule 68    list_pars -> list_names
Rule 69    list_pars -> list_names COMMA VARARGS
Rule 70    list_pars -> VARARGS
Rule 71    function -> FUNCTION name_function body_function
Rule 72    name_function -> NAME
Rule 73    if -> IF exp THEN block elseif_list else_opt END
Rule 74    elseif_list -> elseif_list ELSEIF exp THEN block
Rule 75    elseif_list -> empty
Rule 76    else_opt -> ELSE block
Rule 77    else_opt -> empty
Rule 78    empty -> <empty>
Rule 79    struct_while -> WHILE exp DO block END
Rule 80    struct_for -> FOR NAME ATRIB exp COMMA exp DO block END
Rule 81    struct_for -> FOR NAME ATRIB exp COMMA exp COMMA exp DO block END
Rule 82    struct_for_in -> FOR list_names IN list_exps DO block END
Rule 83    struct_repeat -> REPEAT block UNTIL exp

Terminals, with rules where they appear

AND                  : 62
ATRIB                : 8 18 80 81
BREAK                : 11
COLON                : 
COMMA                : 25 35 36 69 80 81 81
CONCAT               : 55
DIF                  : 61
DIVIDE               : 52
DO                   : 12 79 80 81 82
DOT                  : 32 33
DUALCOLON            : 23 23
ELSE                 : 76
ELSEIF               : 74
END                  : 12 67 73 79 80 81 82
EQUALS               : 60
EXPO                 : 53
FALSE                : 39
FOR                  : 80 81 82
FUNCTION             : 71
GT                   : 58
GTEQUALS             : 59
IF                   : 73
IN                   : 82
LCOLCH               : 27
LOCAL                : 18
LPAREN               : 30 66 67
LT                   : 56
LTEQUALS             : 57
MINUS                : 47 50
NAME                 : 23 26 29 32 34 35 72 80 81
NIL                  : 38
NOT                  : 48
NUMBER               : 41
OR                   : 63
PERCENTUAL           : 54
PLUS                 : 49
RCOLCH               : 27
REPEAT               : 83
RETURN               : 20 21 22
RPAREN               : 30 66 67
SEMICOLON            : 20 22
STRING               : 42
TAG                  : 46
THEN                 : 73 74
TIMES                : 51
TRUE                 : 40
UNTIL                : 83
VARARGS              : 43 69 70
WHILE                : 79
error                : 

Nonterminals, with rules where they appear

args                 : 28 64
block                : 4 7 12 67 73 74 76 79 80 81 82 83
body_function        : 71
call_function        : 9 33
command              : 6 7
command_ret          : 19
def_function         : 44
element              : 2 3
element_list         : 1 3
else_opt             : 73
elseif_list          : 73 74
empty                : 75 77
exp                  : 27 30 36 37 46 47 48 49 49 50 50 51 51 52 52 53 53 54 54 55 55 56 56 57 57 58 58 59 59 60 60 61 61 62 62 63 63 73 74 79 80 80 81 81 81 83
function             : 5 65
if                   : 15
list_exps            : 8 18 21 22 36 66 82
list_names           : 35 68 69 82
list_pars            : 67
list_vars            : 8 18 25
name_function        : 71
prefix_exp           : 27 28 31 45 64
program              : 0
rotulo               : 10
struct_for           : 16
struct_for_in        : 17
struct_repeat        : 14
struct_while         : 13
sufix_exp            : 31
var                  : 24 25

Parsing method: LALR

state 0

    (0) S' -> . program
    (1) program -> . element_list
    (2) element_list -> . element
    (3) element_list -> . element element_list
    (4) element -> . block
    (5) element -> . function
    (6) block -> . command
    (7) block -> . command block
    (71) function -> . FUNCTION name_function body_function
    (8) command -> . list_vars ATRIB list_exps
    (9) command -> . call_function
    (10) command -> . rotulo
    (11) command -> . BREAK
    (12) command -> . DO block END
    (13) command -> . struct_while
    (14) command -> . struct_repeat
    (15) command -> . if
    (16) command -> . struct_for
    (17) command -> . struct_for_in
    (18) command -> . LOCAL list_vars ATRIB list_exps
    (19) command -> . command_ret
    (24) list_vars -> . var
    (25) list_vars -> . var COMMA list_vars
    (64) call_function -> . prefix_exp args
    (23) rotulo -> . DUALCOLON NAME DUALCOLON
    (79) struct_while -> . WHILE exp DO block END
    (83) struct_repeat -> . REPEAT block UNTIL exp
    (73) if -> . IF exp THEN block elseif_list else_opt END
    (80) struct_for -> . FOR NAME ATRIB exp COMMA exp DO block END
    (81) struct_for -> . FOR NAME ATRIB exp COMMA exp COMMA exp DO block END
    (82) struct_for_in -> . FOR list_names IN list_exps DO block END
    (20) command_ret -> . RETURN SEMICOLON
    (21) command_ret -> . RETURN list_exps
    (22) command_ret -> . RETURN list_exps SEMICOLON
    (26) var -> . NAME
    (27) var -> . prefix_exp LCOLCH exp RCOLCH
    (29) prefix_exp -> . NAME
    (30) prefix_exp -> . LPAREN exp RPAREN
    (31) prefix_exp -> . prefix_exp sufix_exp

    FUNCTION        shift and go to state 7
    BREAK           shift and go to state 11
    DO              shift and go to state 12
    LOCAL           shift and go to state 18
    DUALCOLON       shift and go to state 22
    WHILE           shift and go to state 24
    REPEAT          shift and go to state 25
    IF              shift and go to state 26
    FOR             shift and go to state 27
    RETURN          shift and go to state 28
    NAME            shift and go to state 23
    LPAREN          shift and go to state 29

    program                        shift and go to state 1
    element_list                   shift and go to state 2
    element                        shift and go to state 3
    block                          shift and go to state 4
    function                       shift and go to state 5
    command                        shift and go to state 6
    list_vars                      shift and go to state 8
    call_function                  shift and go to state 9
    rotulo                         shift and go to state 10
    struct_while                   shift and go to state 13
    struct_repeat                  shift and go to state 14
    if                             shift and go to state 15
    struct_for                     shift and go to state 16
    struct_for_in                  shift and go to state 17
    command_ret                    shift and go to state 19
    var                            shift and go to state 20
    prefix_exp                     shift and go to state 21

state 1

    (0) S' -> program .



state 2

    (1) program -> element_list .

    $end            reduce using rule 1 (program -> element_list .)


state 3

    (2) element_list -> element .
    (3) element_list -> element . element_list
    (2) element_list -> . element
    (3) element_list -> . element element_list
    (4) element -> . block
    (5) element -> . function
    (6) block -> . command
    (7) block -> . command block
    (71) function -> . FUNCTION name_function body_function
    (8) command -> . list_vars ATRIB list_exps
    (9) command -> . call_function
    (10) command -> . rotulo
    (11) command -> . BREAK
    (12) command -> . DO block END
    (13) command -> . struct_while
    (14) command -> . struct_repeat
    (15) command -> . if
    (16) command -> . struct_for
    (17) command -> . struct_for_in
    (18) command -> . LOCAL list_vars ATRIB list_exps
    (19) command -> . command_ret
    (24) list_vars -> . var
    (25) list_vars -> . var COMMA list_vars
    (64) call_function -> . prefix_exp args
    (23) rotulo -> . DUALCOLON NAME DUALCOLON
    (79) struct_while -> . WHILE exp DO block END
    (83) struct_repeat -> . REPEAT block UNTIL exp
    (73) if -> . IF exp THEN block elseif_list else_opt END
    (80) struct_for -> . FOR NAME ATRIB exp COMMA exp DO block END
    (81) struct_for -> . FOR NAME ATRIB exp COMMA exp COMMA exp DO block END
    (82) struct_for_in -> . FOR list_names IN list_exps DO block END
    (20) command_ret -> . RETURN SEMICOLON
    (21) command_ret -> . RETURN list_exps
    (22) command_ret -> . RETURN list_exps SEMICOLON
    (26) var -> . NAME
    (27) var -> . prefix_exp LCOLCH exp RCOLCH
    (29) prefix_exp -> . NAME
    (30) prefix_exp -> . LPAREN exp RPAREN
    (31) prefix_exp -> . prefix_exp sufix_exp

    $end            reduce using rule 2 (element_list -> element .)
    FUNCTION        shift and go to state 7
    BREAK           shift and go to state 11
    DO              shift and go to state 12
    LOCAL           shift and go to state 18
    DUALCOLON       shift and go to state 22
    WHILE           shift and go to state 24
    REPEAT          shift and go to state 25
    IF              shift and go to state 26
    FOR             shift and go to state 27
    RETURN          shift and go to state 28
    NAME            shift and go to state 23
    LPAREN          shift and go to state 29

    element                        shift and go to state 3
    element_list                   shift and go to state 30
    block                          shift and go to state 4
    function                       shift and go to state 5
    command                        shift and go to state 6
    list_vars                      shift and go to state 8
    call_function                  shift and go to state 9
    rotulo                         shift and go to state 10
    struct_while                   shift and go to state 13
    struct_repeat                  shift and go to state 14
    if                             shift and go to state 15
    struct_for                     shift and go to state 16
    struct_for_in                  shift and go to state 17
    command_ret                    shift and go to state 19
    var                            shift and go to state 20
    prefix_exp                     shift and go to state 21

state 4

    (4) element -> block .

    FUNCTION        reduce using rule 4 (element -> block .)
    BREAK           reduce using rule 4 (element -> block .)
    DO              reduce using rule 4 (element -> block .)
    LOCAL           reduce using rule 4 (element -> block .)
    DUALCOLON       reduce using rule 4 (element -> block .)
    WHILE           reduce using rule 4 (element -> block .)
    REPEAT          reduce using rule 4 (element -> block .)
    IF              reduce using rule 4 (element -> block .)
    FOR             reduce using rule 4 (element -> block .)
    RETURN          reduce using rule 4 (element -> block .)
    NAME            reduce using rule 4 (element -> block .)
    LPAREN          reduce using rule 4 (element -> block .)
    $end            reduce using rule 4 (element -> block .)


state 5

    (5) element -> function .

    FUNCTION        reduce using rule 5 (element -> function .)
    BREAK           reduce using rule 5 (element -> function .)
    DO              reduce using rule 5 (element -> function .)
    LOCAL           reduce using rule 5 (element -> function .)
    DUALCOLON       reduce using rule 5 (element -> function .)
    WHILE           reduce using rule 5 (element -> function .)
    REPEAT          reduce using rule 5 (element -> function .)
    IF              reduce using rule 5 (element -> function .)
    FOR             reduce using rule 5 (element -> function .)
    RETURN          reduce using rule 5 (element -> function .)
    NAME            reduce using rule 5 (element -> function .)
    LPAREN          reduce using rule 5 (element -> function .)
    $end            reduce using rule 5 (element -> function .)


state 6

    (6) block -> command .
    (7) block -> command . block
    (6) block -> . command
    (7) block -> . command block
    (8) command -> . list_vars ATRIB list_exps
    (9) command -> . call_function
    (10) command -> . rotulo
    (11) command -> . BREAK
    (12) command -> . DO block END
    (13) command -> . struct_while
    (14) command -> . struct_repeat
    (15) command -> . if
    (16) command -> . struct_for
    (17) command -> . struct_for_in
    (18) command -> . LOCAL list_vars ATRIB list_exps
    (19) command -> . command_ret
    (24) list_vars -> . var
    (25) list_vars -> . var COMMA list_vars
    (64) call_function -> . prefix_exp args
    (23) rotulo -> . DUALCOLON NAME DUALCOLON
    (79) struct_while -> . WHILE exp DO block END
    (83) struct_repeat -> . REPEAT block UNTIL exp
    (73) if -> . IF exp THEN block elseif_list else_opt END
    (80) struct_for -> . FOR NAME ATRIB exp COMMA exp DO block END
    (81) struct_for -> . FOR NAME ATRIB exp COMMA exp COMMA exp DO block END
    (82) struct_for_in -> . FOR list_names IN list_exps DO block END
    (20) command_ret -> . RETURN SEMICOLON
    (21) command_ret -> . RETURN list_exps
    (22) command_ret -> . RETURN list_exps SEMICOLON
    (26) var -> . NAME
    (27) var -> . prefix_exp LCOLCH exp RCOLCH
    (29) prefix_exp -> . NAME
    (30) prefix_exp -> . LPAREN exp RPAREN
    (31) prefix_exp -> . prefix_exp sufix_exp

  ! shift/reduce conflict for BREAK resolved as shift
  ! shift/reduce conflict for DO resolved as shift
  ! shift/reduce conflict for LOCAL resolved as shift
  ! shift/reduce conflict for DUALCOLON resolved as shift
  ! shift/reduce conflict for WHILE resolved as shift
  ! shift/reduce conflict for REPEAT resolved as shift
  ! shift/reduce conflict for IF resolved as shift
  ! shift/reduce conflict for FOR resolved as shift
  ! shift/reduce conflict for RETURN resolved as shift
  ! shift/reduce conflict for NAME resolved as shift
  ! shift/reduce conflict for LPAREN resolved as shift
    FUNCTION        reduce using rule 6 (block -> command .)
    $end            reduce using rule 6 (block -> command .)
    END             reduce using rule 6 (block -> command .)
    UNTIL           reduce using rule 6 (block -> command .)
    ELSEIF          reduce using rule 6 (block -> command .)
    ELSE            reduce using rule 6 (block -> command .)
    BREAK           shift and go to state 11
    DO              shift and go to state 12
    LOCAL           shift and go to state 18
    DUALCOLON       shift and go to state 22
    WHILE           shift and go to state 24
    REPEAT          shift and go to state 25
    IF              shift and go to state 26
    FOR             shift and go to state 27
    RETURN          shift and go to state 28
    NAME            shift and go to state 23
    LPAREN          shift and go to state 29

  ! BREAK           [ reduce using rule 6 (block -> command .) ]
  ! DO              [ reduce using rule 6 (block -> command .) ]
  ! LOCAL           [ reduce using rule 6 (block -> command .) ]
  ! DUALCOLON       [ reduce using rule 6 (block -> command .) ]
  ! WHILE           [ reduce using rule 6 (block -> command .) ]
  ! REPEAT          [ reduce using rule 6 (block -> command .) ]
  ! IF              [ reduce using rule 6 (block -> command .) ]
  ! FOR             [ reduce using rule 6 (block -> command .) ]
  ! RETURN          [ reduce using rule 6 (block -> command .) ]
  ! NAME            [ reduce using rule 6 (block -> command .) ]
  ! LPAREN          [ reduce using rule 6 (block -> command .) ]

    command                        shift and go to state 6
    block                          shift and go to state 31
    list_vars                      shift and go to state 8
    call_function                  shift and go to state 9
    rotulo                         shift and go to state 10
    struct_while                   shift and go to state 13
    struct_repeat                  shift and go to state 14
    if                             shift and go to state 15
    struct_for                     shift and go to state 16
    struct_for_in                  shift and go to state 17
    command_ret                    shift and go to state 19
    var                            shift and go to state 20
    prefix_exp                     shift and go to state 21

state 7

    (71) function -> FUNCTION . name_function body_function
    (72) name_function -> . NAME

    NAME            shift and go to state 33

    name_function                  shift and go to state 32

state 8

    (8) command -> list_vars . ATRIB list_exps

    ATRIB           shift and go to state 34


state 9

    (9) command -> call_function .

    BREAK           reduce using rule 9 (command -> call_function .)
    DO              reduce using rule 9 (command -> call_function .)
    LOCAL           reduce using rule 9 (command -> call_function .)
    DUALCOLON       reduce using rule 9 (command -> call_function .)
    WHILE           reduce using rule 9 (command -> call_function .)
    REPEAT          reduce using rule 9 (command -> call_function .)
    IF              reduce using rule 9 (command -> call_function .)
    FOR             reduce using rule 9 (command -> call_function .)
    RETURN          reduce using rule 9 (command -> call_function .)
    NAME            reduce using rule 9 (command -> call_function .)
    LPAREN          reduce using rule 9 (command -> call_function .)
    FUNCTION        reduce using rule 9 (command -> call_function .)
    $end            reduce using rule 9 (command -> call_function .)
    END             reduce using rule 9 (command -> call_function .)
    UNTIL           reduce using rule 9 (command -> call_function .)
    ELSEIF          reduce using rule 9 (command -> call_function .)
    ELSE            reduce using rule 9 (command -> call_function .)


state 10

    (10) command -> rotulo .

    BREAK           reduce using rule 10 (command -> rotulo .)
    DO              reduce using rule 10 (command -> rotulo .)
    LOCAL           reduce using rule 10 (command -> rotulo .)
    DUALCOLON       reduce using rule 10 (command -> rotulo .)
    WHILE           reduce using rule 10 (command -> rotulo .)
    REPEAT          reduce using rule 10 (command -> rotulo .)
    IF              reduce using rule 10 (command -> rotulo .)
    FOR             reduce using rule 10 (command -> rotulo .)
    RETURN          reduce using rule 10 (command -> rotulo .)
    NAME            reduce using rule 10 (command -> rotulo .)
    LPAREN          reduce using rule 10 (command -> rotulo .)
    FUNCTION        reduce using rule 10 (command -> rotulo .)
    $end            reduce using rule 10 (command -> rotulo .)
    END             reduce using rule 10 (command -> rotulo .)
    UNTIL           reduce using rule 10 (command -> rotulo .)
    ELSEIF          reduce using rule 10 (command -> rotulo .)
    ELSE            reduce using rule 10 (command -> rotulo .)


state 11

    (11) command -> BREAK .

    BREAK           reduce using rule 11 (command -> BREAK .)
    DO              reduce using rule 11 (command -> BREAK .)
    LOCAL           reduce using rule 11 (command -> BREAK .)
    DUALCOLON       reduce using rule 11 (command -> BREAK .)
    WHILE           reduce using rule 11 (command -> BREAK .)
    REPEAT          reduce using rule 11 (command -> BREAK .)
    IF              reduce using rule 11 (command -> BREAK .)
    FOR             reduce using rule 11 (command -> BREAK .)
    RETURN          reduce using rule 11 (command -> BREAK .)
    NAME            reduce using rule 11 (command -> BREAK .)
    LPAREN          reduce using rule 11 (command -> BREAK .)
    FUNCTION        reduce using rule 11 (command -> BREAK .)
    $end            reduce using rule 11 (command -> BREAK .)
    END             reduce using rule 11 (command -> BREAK .)
    UNTIL           reduce using rule 11 (command -> BREAK .)
    ELSEIF          reduce using rule 11 (command -> BREAK .)
    ELSE            reduce using rule 11 (command -> BREAK .)


state 12

    (12) command -> DO . block END
    (6) block -> . command
    (7) block -> . command block
    (8) command -> . list_vars ATRIB list_exps
    (9) command -> . call_function
    (10) command -> . rotulo
    (11) command -> . BREAK
    (12) command -> . DO block END
    (13) command -> . struct_while
    (14) command -> . struct_repeat
    (15) command -> . if
    (16) command -> . struct_for
    (17) command -> . struct_for_in
    (18) command -> . LOCAL list_vars ATRIB list_exps
    (19) command -> . command_ret
    (24) list_vars -> . var
    (25) list_vars -> . var COMMA list_vars
    (64) call_function -> . prefix_exp args
    (23) rotulo -> . DUALCOLON NAME DUALCOLON
    (79) struct_while -> . WHILE exp DO block END
    (83) struct_repeat -> . REPEAT block UNTIL exp
    (73) if -> . IF exp THEN block elseif_list else_opt END
    (80) struct_for -> . FOR NAME ATRIB exp COMMA exp DO block END
    (81) struct_for -> . FOR NAME ATRIB exp COMMA exp COMMA exp DO block END
    (82) struct_for_in -> . FOR list_names IN list_exps DO block END
    (20) command_ret -> . RETURN SEMICOLON
    (21) command_ret -> . RETURN list_exps
    (22) command_ret -> . RETURN list_exps SEMICOLON
    (26) var -> . NAME
    (27) var -> . prefix_exp LCOLCH exp RCOLCH
    (29) prefix_exp -> . NAME
    (30) prefix_exp -> . LPAREN exp RPAREN
    (31) prefix_exp -> . prefix_exp sufix_exp

    BREAK           shift and go to state 11
    DO              shift and go to state 12
    LOCAL           shift and go to state 18
    DUALCOLON       shift and go to state 22
    WHILE           shift and go to state 24
    REPEAT          shift and go to state 25
    IF              shift and go to state 26
    FOR             shift and go to state 27
    RETURN          shift and go to state 28
    NAME            shift and go to state 23
    LPAREN          shift and go to state 29

    block                          shift and go to state 35
    command                        shift and go to state 6
    list_vars                      shift and go to state 8
    call_function                  shift and go to state 9
    rotulo                         shift and go to state 10
    struct_while                   shift and go to state 13
    struct_repeat                  shift and go to state 14
    if                             shift and go to state 15
    struct_for                     shift and go to state 16
    struct_for_in                  shift and go to state 17
    command_ret                    shift and go to state 19
    var                            shift and go to state 20
    prefix_exp                     shift and go to state 21

state 13

    (13) command -> struct_while .

    BREAK           reduce using rule 13 (command -> struct_while .)
    DO              reduce using rule 13 (command -> struct_while .)
    LOCAL           reduce using rule 13 (command -> struct_while .)
    DUALCOLON       reduce using rule 13 (command -> struct_while .)
    WHILE           reduce using rule 13 (command -> struct_while .)
    REPEAT          reduce using rule 13 (command -> struct_while .)
    IF              reduce using rule 13 (command -> struct_while .)
    FOR             reduce using rule 13 (command -> struct_while .)
    RETURN          reduce using rule 13 (command -> struct_while .)
    NAME            reduce using rule 13 (command -> struct_while .)
    LPAREN          reduce using rule 13 (command -> struct_while .)
    FUNCTION        reduce using rule 13 (command -> struct_while .)
    $end            reduce using rule 13 (command -> struct_while .)
    END             reduce using rule 13 (command -> struct_while .)
    UNTIL           reduce using rule 13 (command -> struct_while .)
    ELSEIF          reduce using rule 13 (command -> struct_while .)
    ELSE            reduce using rule 13 (command -> struct_while .)


state 14

    (14) command -> struct_repeat .

    BREAK           reduce using rule 14 (command -> struct_repeat .)
    DO              reduce using rule 14 (command -> struct_repeat .)
    LOCAL           reduce using rule 14 (command -> struct_repeat .)
    DUALCOLON       reduce using rule 14 (command -> struct_repeat .)
    WHILE           reduce using rule 14 (command -> struct_repeat .)
    REPEAT          reduce using rule 14 (command -> struct_repeat .)
    IF              reduce using rule 14 (command -> struct_repeat .)
    FOR             reduce using rule 14 (command -> struct_repeat .)
    RETURN          reduce using rule 14 (command -> struct_repeat .)
    NAME            reduce using rule 14 (command -> struct_repeat .)
    LPAREN          reduce using rule 14 (command -> struct_repeat .)
    FUNCTION        reduce using rule 14 (command -> struct_repeat .)
    $end            reduce using rule 14 (command -> struct_repeat .)
    END             reduce using rule 14 (command -> struct_repeat .)
    UNTIL           reduce using rule 14 (command -> struct_repeat .)
    ELSEIF          reduce using rule 14 (command -> struct_repeat .)
    ELSE            reduce using rule 14 (command -> struct_repeat .)


state 15

    (15) command -> if .

    BREAK           reduce using rule 15 (command -> if .)
    DO              reduce using rule 15 (command -> if .)
    LOCAL           reduce using rule 15 (command -> if .)
    DUALCOLON       reduce using rule 15 (command -> if .)
    WHILE           reduce using rule 15 (command -> if .)
    REPEAT          reduce using rule 15 (command -> if .)
    IF              reduce using rule 15 (command -> if .)
    FOR             reduce using rule 15 (command -> if .)
    RETURN          reduce using rule 15 (command -> if .)
    NAME            reduce using rule 15 (command -> if .)
    LPAREN          reduce using rule 15 (command -> if .)
    FUNCTION        reduce using rule 15 (command -> if .)
    $end            reduce using rule 15 (command -> if .)
    END             reduce using rule 15 (command -> if .)
    UNTIL           reduce using rule 15 (command -> if .)
    ELSEIF          reduce using rule 15 (command -> if .)
    ELSE            reduce using rule 15 (command -> if .)


state 16

    (16) command -> struct_for .

    BREAK           reduce using rule 16 (command -> struct_for .)
    DO              reduce using rule 16 (command -> struct_for .)
    LOCAL           reduce using rule 16 (command -> struct_for .)
    DUALCOLON       reduce using rule 16 (command -> struct_for .)
    WHILE           reduce using rule 16 (command -> struct_for .)
    REPEAT          reduce using rule 16 (command -> struct_for .)
    IF              reduce using rule 16 (command -> struct_for .)
    FOR             reduce using rule 16 (command -> struct_for .)
    RETURN          reduce using rule 16 (command -> struct_for .)
    NAME            reduce using rule 16 (command -> struct_for .)
    LPAREN          reduce using rule 16 (command -> struct_for .)
    FUNCTION        reduce using rule 16 (command -> struct_for .)
    $end            reduce using rule 16 (command -> struct_for .)
    END             reduce using rule 16 (command -> struct_for .)
    UNTIL           reduce using rule 16 (command -> struct_for .)
    ELSEIF          reduce using rule 16 (command -> struct_for .)
    ELSE            reduce using rule 16 (command -> struct_for .)


state 17

    (17) command -> struct_for_in .

    BREAK           reduce using rule 17 (command -> struct_for_in .)
    DO              reduce using rule 17 (command -> struct_for_in .)
    LOCAL           reduce using rule 17 (command -> struct_for_in .)
    DUALCOLON       reduce using rule 17 (command -> struct_for_in .)
    WHILE           reduce using rule 17 (command -> struct_for_in .)
    REPEAT          reduce using rule 17 (command -> struct_for_in .)
    IF              reduce using rule 17 (command -> struct_for_in .)
    FOR             reduce using rule 17 (command -> struct_for_in .)
    RETURN          reduce using rule 17 (command -> struct_for_in .)
    NAME            reduce using rule 17 (command -> struct_for_in .)
    LPAREN          reduce using rule 17 (command -> struct_for_in .)
    FUNCTION        reduce using rule 17 (command -> struct_for_in .)
    $end            reduce using rule 17 (command -> struct_for_in .)
    END             reduce using rule 17 (command -> struct_for_in .)
    UNTIL           reduce using rule 17 (command -> struct_for_in .)
    ELSEIF          reduce using rule 17 (command -> struct_for_in .)
    ELSE            reduce using rule 17 (command -> struct_for_in .)


state 18

    (18) command -> LOCAL . list_vars ATRIB list_exps
    (24) list_vars -> . var
    (25) list_vars -> . var COMMA list_vars
    (26) var -> . NAME
    (27) var -> . prefix_exp LCOLCH exp RCOLCH
    (29) prefix_exp -> . NAME
    (30) prefix_exp -> . LPAREN exp RPAREN
    (31) prefix_exp -> . prefix_exp sufix_exp

    NAME            shift and go to state 23
    LPAREN          shift and go to state 29

    list_vars                      shift and go to state 36
    var                            shift and go to state 20
    prefix_exp                     shift and go to state 37

state 19

    (19) command -> command_ret .

    BREAK           reduce using rule 19 (command -> command_ret .)
    DO              reduce using rule 19 (command -> command_ret .)
    LOCAL           reduce using rule 19 (command -> command_ret .)
    DUALCOLON       reduce using rule 19 (command -> command_ret .)
    WHILE           reduce using rule 19 (command -> command_ret .)
    REPEAT          reduce using rule 19 (command -> command_ret .)
    IF              reduce using rule 19 (command -> command_ret .)
    FOR             reduce using rule 19 (command -> command_ret .)
    RETURN          reduce using rule 19 (command -> command_ret .)
    NAME            reduce using rule 19 (command -> command_ret .)
    LPAREN          reduce using rule 19 (command -> command_ret .)
    FUNCTION        reduce using rule 19 (command -> command_ret .)
    $end            reduce using rule 19 (command -> command_ret .)
    END             reduce using rule 19 (command -> command_ret .)
    UNTIL           reduce using rule 19 (command -> command_ret .)
    ELSEIF          reduce using rule 19 (command -> command_ret .)
    ELSE            reduce using rule 19 (command -> command_ret .)


state 20

    (24) list_vars -> var .
    (25) list_vars -> var . COMMA list_vars

    ATRIB           reduce using rule 24 (list_vars -> var .)
    COMMA           shift and go to state 38


state 21

    (64) call_function -> prefix_exp . args
    (27) var -> prefix_exp . LCOLCH exp RCOLCH
    (31) prefix_exp -> prefix_exp . sufix_exp
    (66) args -> . LPAREN list_exps RPAREN
    (32) sufix_exp -> . DOT NAME
    (33) sufix_exp -> . DOT call_function

    LCOLCH          shift and go to state 40
    LPAREN          shift and go to state 42
    DOT             shift and go to state 43

    args                           shift and go to state 39
    sufix_exp                      shift and go to state 41

state 22

    (23) rotulo -> DUALCOLON . NAME DUALCOLON

    NAME            shift and go to state 44


state 23

    (26) var -> NAME .
    (29) prefix_exp -> NAME .

    COMMA           reduce using rule 26 (var -> NAME .)
    ATRIB           reduce using rule 26 (var -> NAME .)
    LCOLCH          reduce using rule 29 (prefix_exp -> NAME .)
    LPAREN          reduce using rule 29 (prefix_exp -> NAME .)
    DOT             reduce using rule 29 (prefix_exp -> NAME .)


state 24

    (79) struct_while -> WHILE . exp DO block END
    (28) exp -> . prefix_exp args
    (38) exp -> . NIL
    (39) exp -> . FALSE
    (40) exp -> . TRUE
    (41) exp -> . NUMBER
    (42) exp -> . STRING
    (43) exp -> . VARARGS
    (44) exp -> . def_function
    (45) exp -> . prefix_exp
    (46) exp -> . TAG exp
    (47) exp -> . MINUS exp
    (48) exp -> . NOT exp
    (49) exp -> . exp PLUS exp
    (50) exp -> . exp MINUS exp
    (51) exp -> . exp TIMES exp
    (52) exp -> . exp DIVIDE exp
    (53) exp -> . exp EXPO exp
    (54) exp -> . exp PERCENTUAL exp
    (55) exp -> . exp CONCAT exp
    (56) exp -> . exp LT exp
    (57) exp -> . exp LTEQUALS exp
    (58) exp -> . exp GT exp
    (59) exp -> . exp GTEQUALS exp
    (60) exp -> . exp EQUALS exp
    (61) exp -> . exp DIF exp
    (62) exp -> . exp AND exp
    (63) exp -> . exp OR exp
    (29) prefix_exp -> . NAME
    (30) prefix_exp -> . LPAREN exp RPAREN
    (31) prefix_exp -> . prefix_exp sufix_exp
    (65) def_function -> . function
    (71) function -> . FUNCTION name_function body_function

    NIL             shift and go to state 47
    FALSE           shift and go to state 48
    TRUE            shift and go to state 49
    NUMBER          shift and go to state 50
    STRING          shift and go to state 51
    VARARGS         shift and go to state 52
    TAG             shift and go to state 54
    MINUS           shift and go to state 55
    NOT             shift and go to state 56
    NAME            shift and go to state 57
    LPAREN          shift and go to state 29
    FUNCTION        shift and go to state 7

    exp                            shift and go to state 45
    prefix_exp                     shift and go to state 46
    def_function                   shift and go to state 53
    function                       shift and go to state 58

state 25

    (83) struct_repeat -> REPEAT . block UNTIL exp
    (6) block -> . command
    (7) block -> . command block
    (8) command -> . list_vars ATRIB list_exps
    (9) command -> . call_function
    (10) command -> . rotulo
    (11) command -> . BREAK
    (12) command -> . DO block END
    (13) command -> . struct_while
    (14) command -> . struct_repeat
    (15) command -> . if
    (16) command -> . struct_for
    (17) command -> . struct_for_in
    (18) command -> . LOCAL list_vars ATRIB list_exps
    (19) command -> . command_ret
    (24) list_vars -> . var
    (25) list_vars -> . var COMMA list_vars
    (64) call_function -> . prefix_exp args
    (23) rotulo -> . DUALCOLON NAME DUALCOLON
    (79) struct_while -> . WHILE exp DO block END
    (83) struct_repeat -> . REPEAT block UNTIL exp
    (73) if -> . IF exp THEN block elseif_list else_opt END
    (80) struct_for -> . FOR NAME ATRIB exp COMMA exp DO block END
    (81) struct_for -> . FOR NAME ATRIB exp COMMA exp COMMA exp DO block END
    (82) struct_for_in -> . FOR list_names IN list_exps DO block END
    (20) command_ret -> . RETURN SEMICOLON
    (21) command_ret -> . RETURN list_exps
    (22) command_ret -> . RETURN list_exps SEMICOLON
    (26) var -> . NAME
    (27) var -> . prefix_exp LCOLCH exp RCOLCH
    (29) prefix_exp -> . NAME
    (30) prefix_exp -> . LPAREN exp RPAREN
    (31) prefix_exp -> . prefix_exp sufix_exp

    BREAK           shift and go to state 11
    DO              shift and go to state 12
    LOCAL           shift and go to state 18
    DUALCOLON       shift and go to state 22
    WHILE           shift and go to state 24
    REPEAT          shift and go to state 25
    IF              shift and go to state 26
    FOR             shift and go to state 27
    RETURN          shift and go to state 28
    NAME            shift and go to state 23
    LPAREN          shift and go to state 29

    block                          shift and go to state 59
    command                        shift and go to state 6
    list_vars                      shift and go to state 8
    call_function                  shift and go to state 9
    rotulo                         shift and go to state 10
    struct_while                   shift and go to state 13
    struct_repeat                  shift and go to state 14
    if                             shift and go to state 15
    struct_for                     shift and go to state 16
    struct_for_in                  shift and go to state 17
    command_ret                    shift and go to state 19
    var                            shift and go to state 20
    prefix_exp                     shift and go to state 21

state 26

    (73) if -> IF . exp THEN block elseif_list else_opt END
    (28) exp -> . prefix_exp args
    (38) exp -> . NIL
    (39) exp -> . FALSE
    (40) exp -> . TRUE
    (41) exp -> . NUMBER
    (42) exp -> . STRING
    (43) exp -> . VARARGS
    (44) exp -> . def_function
    (45) exp -> . prefix_exp
    (46) exp -> . TAG exp
    (47) exp -> . MINUS exp
    (48) exp -> . NOT exp
    (49) exp -> . exp PLUS exp
    (50) exp -> . exp MINUS exp
    (51) exp -> . exp TIMES exp
    (52) exp -> . exp DIVIDE exp
    (53) exp -> . exp EXPO exp
    (54) exp -> . exp PERCENTUAL exp
    (55) exp -> . exp CONCAT exp
    (56) exp -> . exp LT exp
    (57) exp -> . exp LTEQUALS exp
    (58) exp -> . exp GT exp
    (59) exp -> . exp GTEQUALS exp
    (60) exp -> . exp EQUALS exp
    (61) exp -> . exp DIF exp
    (62) exp -> . exp AND exp
    (63) exp -> . exp OR exp
    (29) prefix_exp -> . NAME
    (30) prefix_exp -> . LPAREN exp RPAREN
    (31) prefix_exp -> . prefix_exp sufix_exp
    (65) def_function -> . function
    (71) function -> . FUNCTION name_function body_function

    NIL             shift and go to state 47
    FALSE           shift and go to state 48
    TRUE            shift and go to state 49
    NUMBER          shift and go to state 50
    STRING          shift and go to state 51
    VARARGS         shift and go to state 52
    TAG             shift and go to state 54
    MINUS           shift and go to state 55
    NOT             shift and go to state 56
    NAME            shift and go to state 57
    LPAREN          shift and go to state 29
    FUNCTION        shift and go to state 7

    exp                            shift and go to state 60
    prefix_exp                     shift and go to state 46
    def_function                   shift and go to state 53
    function                       shift and go to state 58

state 27

    (80) struct_for -> FOR . NAME ATRIB exp COMMA exp DO block END
    (81) struct_for -> FOR . NAME ATRIB exp COMMA exp COMMA exp DO block END
    (82) struct_for_in -> FOR . list_names IN list_exps DO block END
    (34) list_names -> . NAME
    (35) list_names -> . NAME COMMA list_names

    NAME            shift and go to state 61

    list_names                     shift and go to state 62

state 28

    (20) command_ret -> RETURN . SEMICOLON
    (21) command_ret -> RETURN . list_exps
    (22) command_ret -> RETURN . list_exps SEMICOLON
    (36) list_exps -> . exp COMMA list_exps
    (37) list_exps -> . exp
    (28) exp -> . prefix_exp args
    (38) exp -> . NIL
    (39) exp -> . FALSE
    (40) exp -> . TRUE
    (41) exp -> . NUMBER
    (42) exp -> . STRING
    (43) exp -> . VARARGS
    (44) exp -> . def_function
    (45) exp -> . prefix_exp
    (46) exp -> . TAG exp
    (47) exp -> . MINUS exp
    (48) exp -> . NOT exp
    (49) exp -> . exp PLUS exp
    (50) exp -> . exp MINUS exp
    (51) exp -> . exp TIMES exp
    (52) exp -> . exp DIVIDE exp
    (53) exp -> . exp EXPO exp
    (54) exp -> . exp PERCENTUAL exp
    (55) exp -> . exp CONCAT exp
    (56) exp -> . exp LT exp
    (57) exp -> . exp LTEQUALS exp
    (58) exp -> . exp GT exp
    (59) exp -> . exp GTEQUALS exp
    (60) exp -> . exp EQUALS exp
    (61) exp -> . exp DIF exp
    (62) exp -> . exp AND exp
    (63) exp -> . exp OR exp
    (29) prefix_exp -> . NAME
    (30) prefix_exp -> . LPAREN exp RPAREN
    (31) prefix_exp -> . prefix_exp sufix_exp
    (65) def_function -> . function
    (71) function -> . FUNCTION name_function body_function

    SEMICOLON       shift and go to state 63
    NIL             shift and go to state 47
    FALSE           shift and go to state 48
    TRUE            shift and go to state 49
    NUMBER          shift and go to state 50
    STRING          shift and go to state 51
    VARARGS         shift and go to state 52
    TAG             shift and go to state 54
    MINUS           shift and go to state 55
    NOT             shift and go to state 56
    NAME            shift and go to state 57
    LPAREN          shift and go to state 29
    FUNCTION        shift and go to state 7

    list_exps                      shift and go to state 64
    exp                            shift and go to state 65
    prefix_exp                     shift and go to state 46
    def_function                   shift and go to state 53
    function                       shift and go to state 58

state 29

    (30) prefix_exp -> LPAREN . exp RPAREN
    (28) exp -> . prefix_exp args
    (38) exp -> . NIL
    (39) exp -> . FALSE
    (40) exp -> . TRUE
    (41) exp -> . NUMBER
    (42) exp -> . STRING
    (43) exp -> . VARARGS
    (44) exp -> . def_function
    (45) exp -> . prefix_exp
    (46) exp -> . TAG exp
    (47) exp -> . MINUS exp
    (48) exp -> . NOT exp
    (49) exp -> . exp PLUS exp
    (50) exp -> . exp MINUS exp
    (51) exp -> . exp TIMES exp
    (52) exp -> . exp DIVIDE exp
    (53) exp -> . exp EXPO exp
    (54) exp -> . exp PERCENTUAL exp
    (55) exp -> . exp CONCAT exp
    (56) exp -> . exp LT exp
    (57) exp -> . exp LTEQUALS exp
    (58) exp -> . exp GT exp
    (59) exp -> . exp GTEQUALS exp
    (60) exp -> . exp EQUALS exp
    (61) exp -> . exp DIF exp
    (62) exp -> . exp AND exp
    (63) exp -> . exp OR exp
    (29) prefix_exp -> . NAME
    (30) prefix_exp -> . LPAREN exp RPAREN
    (31) prefix_exp -> . prefix_exp sufix_exp
    (65) def_function -> . function
    (71) function -> . FUNCTION name_function body_function

    NIL             shift and go to state 47
    FALSE           shift and go to state 48
    TRUE            shift and go to state 49
    NUMBER          shift and go to state 50
    STRING          shift and go to state 51
    VARARGS         shift and go to state 52
    TAG             shift and go to state 54
    MINUS           shift and go to state 55
    NOT             shift and go to state 56
    NAME            shift and go to state 57
    LPAREN          shift and go to state 29
    FUNCTION        shift and go to state 7

    exp                            shift and go to state 66
    prefix_exp                     shift and go to state 46
    def_function                   shift and go to state 53
    function                       shift and go to state 58

state 30

    (3) element_list -> element element_list .

    $end            reduce using rule 3 (element_list -> element element_list .)


state 31

    (7) block -> command block .

    FUNCTION        reduce using rule 7 (block -> command block .)
    BREAK           reduce using rule 7 (block -> command block .)
    DO              reduce using rule 7 (block -> command block .)
    LOCAL           reduce using rule 7 (block -> command block .)
    DUALCOLON       reduce using rule 7 (block -> command block .)
    WHILE           reduce using rule 7 (block -> command block .)
    REPEAT          reduce using rule 7 (block -> command block .)
    IF              reduce using rule 7 (block -> command block .)
    FOR             reduce using rule 7 (block -> command block .)
    RETURN          reduce using rule 7 (block -> command block .)
    NAME            reduce using rule 7 (block -> command block .)
    LPAREN          reduce using rule 7 (block -> command block .)
    $end            reduce using rule 7 (block -> command block .)
    END             reduce using rule 7 (block -> command block .)
    UNTIL           reduce using rule 7 (block -> command block .)
    ELSEIF          reduce using rule 7 (block -> command block .)
    ELSE            reduce using rule 7 (block -> command block .)


state 32

    (71) function -> FUNCTION name_function . body_function
    (67) body_function -> . LPAREN list_pars RPAREN block END

    LPAREN          shift and go to state 68

    body_function                  shift and go to state 67

state 33

    (72) name_function -> NAME .

    LPAREN          reduce using rule 72 (name_function -> NAME .)


state 34

    (8) command -> list_vars ATRIB . list_exps
    (36) list_exps -> . exp COMMA list_exps
    (37) list_exps -> . exp
    (28) exp -> . prefix_exp args
    (38) exp -> . NIL
    (39) exp -> . FALSE
    (40) exp -> . TRUE
    (41) exp -> . NUMBER
    (42) exp -> . STRING
    (43) exp -> . VARARGS
    (44) exp -> . def_function
    (45) exp -> . prefix_exp
    (46) exp -> . TAG exp
    (47) exp -> . MINUS exp
    (48) exp -> . NOT exp
    (49) exp -> . exp PLUS exp
    (50) exp -> . exp MINUS exp
    (51) exp -> . exp TIMES exp
    (52) exp -> . exp DIVIDE exp
    (53) exp -> . exp EXPO exp
    (54) exp -> . exp PERCENTUAL exp
    (55) exp -> . exp CONCAT exp
    (56) exp -> . exp LT exp
    (57) exp -> . exp LTEQUALS exp
    (58) exp -> . exp GT exp
    (59) exp -> . exp GTEQUALS exp
    (60) exp -> . exp EQUALS exp
    (61) exp -> . exp DIF exp
    (62) exp -> . exp AND exp
    (63) exp -> . exp OR exp
    (29) prefix_exp -> . NAME
    (30) prefix_exp -> . LPAREN exp RPAREN
    (31) prefix_exp -> . prefix_exp sufix_exp
    (65) def_function -> . function
    (71) function -> . FUNCTION name_function body_function

    NIL             shift and go to state 47
    FALSE           shift and go to state 48
    TRUE            shift and go to state 49
    NUMBER          shift and go to state 50
    STRING          shift and go to state 51
    VARARGS         shift and go to state 52
    TAG             shift and go to state 54
    MINUS           shift and go to state 55
    NOT             shift and go to state 56
    NAME            shift and go to state 57
    LPAREN          shift and go to state 29
    FUNCTION        shift and go to state 7

    list_exps                      shift and go to state 69
    exp                            shift and go to state 65
    prefix_exp                     shift and go to state 46
    def_function                   shift and go to state 53
    function                       shift and go to state 58

state 35

    (12) command -> DO block . END

    END             shift and go to state 70


state 36

    (18) command -> LOCAL list_vars . ATRIB list_exps

    ATRIB           shift and go to state 71


state 37

    (27) var -> prefix_exp . LCOLCH exp RCOLCH
    (31) prefix_exp -> prefix_exp . sufix_exp
    (32) sufix_exp -> . DOT NAME
    (33) sufix_exp -> . DOT call_function

    LCOLCH          shift and go to state 40
    DOT             shift and go to state 43

    sufix_exp                      shift and go to state 41

state 38

    (25) list_vars -> var COMMA . list_vars
    (24) list_vars -> . var
    (25) list_vars -> . var COMMA list_vars
    (26) var -> . NAME
    (27) var -> . prefix_exp LCOLCH exp RCOLCH
    (29) prefix_exp -> . NAME
    (30) prefix_exp -> . LPAREN exp RPAREN
    (31) prefix_exp -> . prefix_exp sufix_exp

    NAME            shift and go to state 23
    LPAREN          shift and go to state 29

    var                            shift and go to state 20
    list_vars                      shift and go to state 72
    prefix_exp                     shift and go to state 37

state 39

    (64) call_function -> prefix_exp args .

    BREAK           reduce using rule 64 (call_function -> prefix_exp args .)
    DO              reduce using rule 64 (call_function -> prefix_exp args .)
    LOCAL           reduce using rule 64 (call_function -> prefix_exp args .)
    DUALCOLON       reduce using rule 64 (call_function -> prefix_exp args .)
    WHILE           reduce using rule 64 (call_function -> prefix_exp args .)
    REPEAT          reduce using rule 64 (call_function -> prefix_exp args .)
    IF              reduce using rule 64 (call_function -> prefix_exp args .)
    FOR             reduce using rule 64 (call_function -> prefix_exp args .)
    RETURN          reduce using rule 64 (call_function -> prefix_exp args .)
    NAME            reduce using rule 64 (call_function -> prefix_exp args .)
    LPAREN          reduce using rule 64 (call_function -> prefix_exp args .)
    FUNCTION        reduce using rule 64 (call_function -> prefix_exp args .)
    $end            reduce using rule 64 (call_function -> prefix_exp args .)
    END             reduce using rule 64 (call_function -> prefix_exp args .)
    UNTIL           reduce using rule 64 (call_function -> prefix_exp args .)
    ELSEIF          reduce using rule 64 (call_function -> prefix_exp args .)
    ELSE            reduce using rule 64 (call_function -> prefix_exp args .)
    LCOLCH          reduce using rule 64 (call_function -> prefix_exp args .)
    DOT             reduce using rule 64 (call_function -> prefix_exp args .)
    PLUS            reduce using rule 64 (call_function -> prefix_exp args .)
    MINUS           reduce using rule 64 (call_function -> prefix_exp args .)
    TIMES           reduce using rule 64 (call_function -> prefix_exp args .)
    DIVIDE          reduce using rule 64 (call_function -> prefix_exp args .)
    EXPO            reduce using rule 64 (call_function -> prefix_exp args .)
    PERCENTUAL      reduce using rule 64 (call_function -> prefix_exp args .)
    CONCAT          reduce using rule 64 (call_function -> prefix_exp args .)
    LT              reduce using rule 64 (call_function -> prefix_exp args .)
    LTEQUALS        reduce using rule 64 (call_function -> prefix_exp args .)
    GT              reduce using rule 64 (call_function -> prefix_exp args .)
    GTEQUALS        reduce using rule 64 (call_function -> prefix_exp args .)
    EQUALS          reduce using rule 64 (call_function -> prefix_exp args .)
    DIF             reduce using rule 64 (call_function -> prefix_exp args .)
    AND             reduce using rule 64 (call_function -> prefix_exp args .)
    OR              reduce using rule 64 (call_function -> prefix_exp args .)
    THEN            reduce using rule 64 (call_function -> prefix_exp args .)
    COMMA           reduce using rule 64 (call_function -> prefix_exp args .)
    SEMICOLON       reduce using rule 64 (call_function -> prefix_exp args .)
    RPAREN          reduce using rule 64 (call_function -> prefix_exp args .)
    RCOLCH          reduce using rule 64 (call_function -> prefix_exp args .)


state 40

    (27) var -> prefix_exp LCOLCH . exp RCOLCH
    (28) exp -> . prefix_exp args
    (38) exp -> . NIL
    (39) exp -> . FALSE
    (40) exp -> . TRUE
    (41) exp -> . NUMBER
    (42) exp -> . STRING
    (43) exp -> . VARARGS
    (44) exp -> . def_function
    (45) exp -> . prefix_exp
    (46) exp -> . TAG exp
    (47) exp -> . MINUS exp
    (48) exp -> . NOT exp
    (49) exp -> . exp PLUS exp
    (50) exp -> . exp MINUS exp
    (51) exp -> . exp TIMES exp
    (52) exp -> . exp DIVIDE exp
    (53) exp -> . exp EXPO exp
    (54) exp -> . exp PERCENTUAL exp
    (55) exp -> . exp CONCAT exp
    (56) exp -> . exp LT exp
    (57) exp -> . exp LTEQUALS exp
    (58) exp -> . exp GT exp
    (59) exp -> . exp GTEQUALS exp
    (60) exp -> . exp EQUALS exp
    (61) exp -> . exp DIF exp
    (62) exp -> . exp AND exp
    (63) exp -> . exp OR exp
    (29) prefix_exp -> . NAME
    (30) prefix_exp -> . LPAREN exp RPAREN
    (31) prefix_exp -> . prefix_exp sufix_exp
    (65) def_function -> . function
    (71) function -> . FUNCTION name_function body_function

    NIL             shift and go to state 47
    FALSE           shift and go to state 48
    TRUE            shift and go to state 49
    NUMBER          shift and go to state 50
    STRING          shift and go to state 51
    VARARGS         shift and go to state 52
    TAG             shift and go to state 54
    MINUS           shift and go to state 55
    NOT             shift and go to state 56
    NAME            shift and go to state 57
    LPAREN          shift and go to state 29
    FUNCTION        shift and go to state 7

    prefix_exp                     shift and go to state 46
    exp                            shift and go to state 73
    def_function                   shift and go to state 53
    function                       shift and go to state 58

state 41

    (31) prefix_exp -> prefix_exp sufix_exp .

    LCOLCH          reduce using rule 31 (prefix_exp -> prefix_exp sufix_exp .)
    LPAREN          reduce using rule 31 (prefix_exp -> prefix_exp sufix_exp .)
    DOT             reduce using rule 31 (prefix_exp -> prefix_exp sufix_exp .)
    DO              reduce using rule 31 (prefix_exp -> prefix_exp sufix_exp .)
    PLUS            reduce using rule 31 (prefix_exp -> prefix_exp sufix_exp .)
    MINUS           reduce using rule 31 (prefix_exp -> prefix_exp sufix_exp .)
    TIMES           reduce using rule 31 (prefix_exp -> prefix_exp sufix_exp .)
    DIVIDE          reduce using rule 31 (prefix_exp -> prefix_exp sufix_exp .)
    EXPO            reduce using rule 31 (prefix_exp -> prefix_exp sufix_exp .)
    PERCENTUAL      reduce using rule 31 (prefix_exp -> prefix_exp sufix_exp .)
    CONCAT          reduce using rule 31 (prefix_exp -> prefix_exp sufix_exp .)
    LT              reduce using rule 31 (prefix_exp -> prefix_exp sufix_exp .)
    LTEQUALS        reduce using rule 31 (prefix_exp -> prefix_exp sufix_exp .)
    GT              reduce using rule 31 (prefix_exp -> prefix_exp sufix_exp .)
    GTEQUALS        reduce using rule 31 (prefix_exp -> prefix_exp sufix_exp .)
    EQUALS          reduce using rule 31 (prefix_exp -> prefix_exp sufix_exp .)
    DIF             reduce using rule 31 (prefix_exp -> prefix_exp sufix_exp .)
    AND             reduce using rule 31 (prefix_exp -> prefix_exp sufix_exp .)
    OR              reduce using rule 31 (prefix_exp -> prefix_exp sufix_exp .)
    THEN            reduce using rule 31 (prefix_exp -> prefix_exp sufix_exp .)
    COMMA           reduce using rule 31 (prefix_exp -> prefix_exp sufix_exp .)
    SEMICOLON       reduce using rule 31 (prefix_exp -> prefix_exp sufix_exp .)
    BREAK           reduce using rule 31 (prefix_exp -> prefix_exp sufix_exp .)
    LOCAL           reduce using rule 31 (prefix_exp -> prefix_exp sufix_exp .)
    DUALCOLON       reduce using rule 31 (prefix_exp -> prefix_exp sufix_exp .)
    WHILE           reduce using rule 31 (prefix_exp -> prefix_exp sufix_exp .)
    REPEAT          reduce using rule 31 (prefix_exp -> prefix_exp sufix_exp .)
    IF              reduce using rule 31 (prefix_exp -> prefix_exp sufix_exp .)
    FOR             reduce using rule 31 (prefix_exp -> prefix_exp sufix_exp .)
    RETURN          reduce using rule 31 (prefix_exp -> prefix_exp sufix_exp .)
    NAME            reduce using rule 31 (prefix_exp -> prefix_exp sufix_exp .)
    FUNCTION        reduce using rule 31 (prefix_exp -> prefix_exp sufix_exp .)
    $end            reduce using rule 31 (prefix_exp -> prefix_exp sufix_exp .)
    END             reduce using rule 31 (prefix_exp -> prefix_exp sufix_exp .)
    UNTIL           reduce using rule 31 (prefix_exp -> prefix_exp sufix_exp .)
    ELSEIF          reduce using rule 31 (prefix_exp -> prefix_exp sufix_exp .)
    ELSE            reduce using rule 31 (prefix_exp -> prefix_exp sufix_exp .)
    RPAREN          reduce using rule 31 (prefix_exp -> prefix_exp sufix_exp .)
    RCOLCH          reduce using rule 31 (prefix_exp -> prefix_exp sufix_exp .)


state 42

    (66) args -> LPAREN . list_exps RPAREN
    (36) list_exps -> . exp COMMA list_exps
    (37) list_exps -> . exp
    (28) exp -> . prefix_exp args
    (38) exp -> . NIL
    (39) exp -> . FALSE
    (40) exp -> . TRUE
    (41) exp -> . NUMBER
    (42) exp -> . STRING
    (43) exp -> . VARARGS
    (44) exp -> . def_function
    (45) exp -> . prefix_exp
    (46) exp -> . TAG exp
    (47) exp -> . MINUS exp
    (48) exp -> . NOT exp
    (49) exp -> . exp PLUS exp
    (50) exp -> . exp MINUS exp
    (51) exp -> . exp TIMES exp
    (52) exp -> . exp DIVIDE exp
    (53) exp -> . exp EXPO exp
    (54) exp -> . exp PERCENTUAL exp
    (55) exp -> . exp CONCAT exp
    (56) exp -> . exp LT exp
    (57) exp -> . exp LTEQUALS exp
    (58) exp -> . exp GT exp
    (59) exp -> . exp GTEQUALS exp
    (60) exp -> . exp EQUALS exp
    (61) exp -> . exp DIF exp
    (62) exp -> . exp AND exp
    (63) exp -> . exp OR exp
    (29) prefix_exp -> . NAME
    (30) prefix_exp -> . LPAREN exp RPAREN
    (31) prefix_exp -> . prefix_exp sufix_exp
    (65) def_function -> . function
    (71) function -> . FUNCTION name_function body_function

    NIL             shift and go to state 47
    FALSE           shift and go to state 48
    TRUE            shift and go to state 49
    NUMBER          shift and go to state 50
    STRING          shift and go to state 51
    VARARGS         shift and go to state 52
    TAG             shift and go to state 54
    MINUS           shift and go to state 55
    NOT             shift and go to state 56
    NAME            shift and go to state 57
    LPAREN          shift and go to state 29
    FUNCTION        shift and go to state 7

    list_exps                      shift and go to state 74
    exp                            shift and go to state 65
    prefix_exp                     shift and go to state 46
    def_function                   shift and go to state 53
    function                       shift and go to state 58

state 43

    (32) sufix_exp -> DOT . NAME
    (33) sufix_exp -> DOT . call_function
    (64) call_function -> . prefix_exp args
    (29) prefix_exp -> . NAME
    (30) prefix_exp -> . LPAREN exp RPAREN
    (31) prefix_exp -> . prefix_exp sufix_exp

    NAME            shift and go to state 75
    LPAREN          shift and go to state 29

    call_function                  shift and go to state 76
    prefix_exp                     shift and go to state 77

state 44

    (23) rotulo -> DUALCOLON NAME . DUALCOLON

    DUALCOLON       shift and go to state 78


state 45

    (79) struct_while -> WHILE exp . DO block END
    (49) exp -> exp . PLUS exp
    (50) exp -> exp . MINUS exp
    (51) exp -> exp . TIMES exp
    (52) exp -> exp . DIVIDE exp
    (53) exp -> exp . EXPO exp
    (54) exp -> exp . PERCENTUAL exp
    (55) exp -> exp . CONCAT exp
    (56) exp -> exp . LT exp
    (57) exp -> exp . LTEQUALS exp
    (58) exp -> exp . GT exp
    (59) exp -> exp . GTEQUALS exp
    (60) exp -> exp . EQUALS exp
    (61) exp -> exp . DIF exp
    (62) exp -> exp . AND exp
    (63) exp -> exp . OR exp

    DO              shift and go to state 79
    PLUS            shift and go to state 80
    MINUS           shift and go to state 81
    TIMES           shift and go to state 82
    DIVIDE          shift and go to state 83
    EXPO            shift and go to state 84
    PERCENTUAL      shift and go to state 85
    CONCAT          shift and go to state 86
    LT              shift and go to state 87
    LTEQUALS        shift and go to state 88
    GT              shift and go to state 89
    GTEQUALS        shift and go to state 90
    EQUALS          shift and go to state 91
    DIF             shift and go to state 92
    AND             shift and go to state 93
    OR              shift and go to state 94


state 46

    (28) exp -> prefix_exp . args
    (45) exp -> prefix_exp .
    (31) prefix_exp -> prefix_exp . sufix_exp
    (66) args -> . LPAREN list_exps RPAREN
    (32) sufix_exp -> . DOT NAME
    (33) sufix_exp -> . DOT call_function

  ! shift/reduce conflict for LPAREN resolved as shift
    DO              reduce using rule 45 (exp -> prefix_exp .)
    PLUS            reduce using rule 45 (exp -> prefix_exp .)
    MINUS           reduce using rule 45 (exp -> prefix_exp .)
    TIMES           reduce using rule 45 (exp -> prefix_exp .)
    DIVIDE          reduce using rule 45 (exp -> prefix_exp .)
    EXPO            reduce using rule 45 (exp -> prefix_exp .)
    PERCENTUAL      reduce using rule 45 (exp -> prefix_exp .)
    CONCAT          reduce using rule 45 (exp -> prefix_exp .)
    LT              reduce using rule 45 (exp -> prefix_exp .)
    LTEQUALS        reduce using rule 45 (exp -> prefix_exp .)
    GT              reduce using rule 45 (exp -> prefix_exp .)
    GTEQUALS        reduce using rule 45 (exp -> prefix_exp .)
    EQUALS          reduce using rule 45 (exp -> prefix_exp .)
    DIF             reduce using rule 45 (exp -> prefix_exp .)
    AND             reduce using rule 45 (exp -> prefix_exp .)
    OR              reduce using rule 45 (exp -> prefix_exp .)
    THEN            reduce using rule 45 (exp -> prefix_exp .)
    COMMA           reduce using rule 45 (exp -> prefix_exp .)
    SEMICOLON       reduce using rule 45 (exp -> prefix_exp .)
    BREAK           reduce using rule 45 (exp -> prefix_exp .)
    LOCAL           reduce using rule 45 (exp -> prefix_exp .)
    DUALCOLON       reduce using rule 45 (exp -> prefix_exp .)
    WHILE           reduce using rule 45 (exp -> prefix_exp .)
    REPEAT          reduce using rule 45 (exp -> prefix_exp .)
    IF              reduce using rule 45 (exp -> prefix_exp .)
    FOR             reduce using rule 45 (exp -> prefix_exp .)
    RETURN          reduce using rule 45 (exp -> prefix_exp .)
    NAME            reduce using rule 45 (exp -> prefix_exp .)
    FUNCTION        reduce using rule 45 (exp -> prefix_exp .)
    $end            reduce using rule 45 (exp -> prefix_exp .)
    END             reduce using rule 45 (exp -> prefix_exp .)
    UNTIL           reduce using rule 45 (exp -> prefix_exp .)
    ELSEIF          reduce using rule 45 (exp -> prefix_exp .)
    ELSE            reduce using rule 45 (exp -> prefix_exp .)
    RPAREN          reduce using rule 45 (exp -> prefix_exp .)
    RCOLCH          reduce using rule 45 (exp -> prefix_exp .)
    LPAREN          shift and go to state 42
    DOT             shift and go to state 43

  ! LPAREN          [ reduce using rule 45 (exp -> prefix_exp .) ]

    args                           shift and go to state 95
    sufix_exp                      shift and go to state 41

state 47

    (38) exp -> NIL .

    DO              reduce using rule 38 (exp -> NIL .)
    PLUS            reduce using rule 38 (exp -> NIL .)
    MINUS           reduce using rule 38 (exp -> NIL .)
    TIMES           reduce using rule 38 (exp -> NIL .)
    DIVIDE          reduce using rule 38 (exp -> NIL .)
    EXPO            reduce using rule 38 (exp -> NIL .)
    PERCENTUAL      reduce using rule 38 (exp -> NIL .)
    CONCAT          reduce using rule 38 (exp -> NIL .)
    LT              reduce using rule 38 (exp -> NIL .)
    LTEQUALS        reduce using rule 38 (exp -> NIL .)
    GT              reduce using rule 38 (exp -> NIL .)
    GTEQUALS        reduce using rule 38 (exp -> NIL .)
    EQUALS          reduce using rule 38 (exp -> NIL .)
    DIF             reduce using rule 38 (exp -> NIL .)
    AND             reduce using rule 38 (exp -> NIL .)
    OR              reduce using rule 38 (exp -> NIL .)
    THEN            reduce using rule 38 (exp -> NIL .)
    COMMA           reduce using rule 38 (exp -> NIL .)
    SEMICOLON       reduce using rule 38 (exp -> NIL .)
    BREAK           reduce using rule 38 (exp -> NIL .)
    LOCAL           reduce using rule 38 (exp -> NIL .)
    DUALCOLON       reduce using rule 38 (exp -> NIL .)
    WHILE           reduce using rule 38 (exp -> NIL .)
    REPEAT          reduce using rule 38 (exp -> NIL .)
    IF              reduce using rule 38 (exp -> NIL .)
    FOR             reduce using rule 38 (exp -> NIL .)
    RETURN          reduce using rule 38 (exp -> NIL .)
    NAME            reduce using rule 38 (exp -> NIL .)
    LPAREN          reduce using rule 38 (exp -> NIL .)
    FUNCTION        reduce using rule 38 (exp -> NIL .)
    $end            reduce using rule 38 (exp -> NIL .)
    END             reduce using rule 38 (exp -> NIL .)
    UNTIL           reduce using rule 38 (exp -> NIL .)
    ELSEIF          reduce using rule 38 (exp -> NIL .)
    ELSE            reduce using rule 38 (exp -> NIL .)
    RPAREN          reduce using rule 38 (exp -> NIL .)
    RCOLCH          reduce using rule 38 (exp -> NIL .)


state 48

    (39) exp -> FALSE .

    DO              reduce using rule 39 (exp -> FALSE .)
    PLUS            reduce using rule 39 (exp -> FALSE .)
    MINUS           reduce using rule 39 (exp -> FALSE .)
    TIMES           reduce using rule 39 (exp -> FALSE .)
    DIVIDE          reduce using rule 39 (exp -> FALSE .)
    EXPO            reduce using rule 39 (exp -> FALSE .)
    PERCENTUAL      reduce using rule 39 (exp -> FALSE .)
    CONCAT          reduce using rule 39 (exp -> FALSE .)
    LT              reduce using rule 39 (exp -> FALSE .)
    LTEQUALS        reduce using rule 39 (exp -> FALSE .)
    GT              reduce using rule 39 (exp -> FALSE .)
    GTEQUALS        reduce using rule 39 (exp -> FALSE .)
    EQUALS          reduce using rule 39 (exp -> FALSE .)
    DIF             reduce using rule 39 (exp -> FALSE .)
    AND             reduce using rule 39 (exp -> FALSE .)
    OR              reduce using rule 39 (exp -> FALSE .)
    THEN            reduce using rule 39 (exp -> FALSE .)
    COMMA           reduce using rule 39 (exp -> FALSE .)
    SEMICOLON       reduce using rule 39 (exp -> FALSE .)
    BREAK           reduce using rule 39 (exp -> FALSE .)
    LOCAL           reduce using rule 39 (exp -> FALSE .)
    DUALCOLON       reduce using rule 39 (exp -> FALSE .)
    WHILE           reduce using rule 39 (exp -> FALSE .)
    REPEAT          reduce using rule 39 (exp -> FALSE .)
    IF              reduce using rule 39 (exp -> FALSE .)
    FOR             reduce using rule 39 (exp -> FALSE .)
    RETURN          reduce using rule 39 (exp -> FALSE .)
    NAME            reduce using rule 39 (exp -> FALSE .)
    LPAREN          reduce using rule 39 (exp -> FALSE .)
    FUNCTION        reduce using rule 39 (exp -> FALSE .)
    $end            reduce using rule 39 (exp -> FALSE .)
    END             reduce using rule 39 (exp -> FALSE .)
    UNTIL           reduce using rule 39 (exp -> FALSE .)
    ELSEIF          reduce using rule 39 (exp -> FALSE .)
    ELSE            reduce using rule 39 (exp -> FALSE .)
    RPAREN          reduce using rule 39 (exp -> FALSE .)
    RCOLCH          reduce using rule 39 (exp -> FALSE .)


state 49

    (40) exp -> TRUE .

    DO              reduce using rule 40 (exp -> TRUE .)
    PLUS            reduce using rule 40 (exp -> TRUE .)
    MINUS           reduce using rule 40 (exp -> TRUE .)
    TIMES           reduce using rule 40 (exp -> TRUE .)
    DIVIDE          reduce using rule 40 (exp -> TRUE .)
    EXPO            reduce using rule 40 (exp -> TRUE .)
    PERCENTUAL      reduce using rule 40 (exp -> TRUE .)
    CONCAT          reduce using rule 40 (exp -> TRUE .)
    LT              reduce using rule 40 (exp -> TRUE .)
    LTEQUALS        reduce using rule 40 (exp -> TRUE .)
    GT              reduce using rule 40 (exp -> TRUE .)
    GTEQUALS        reduce using rule 40 (exp -> TRUE .)
    EQUALS          reduce using rule 40 (exp -> TRUE .)
    DIF             reduce using rule 40 (exp -> TRUE .)
    AND             reduce using rule 40 (exp -> TRUE .)
    OR              reduce using rule 40 (exp -> TRUE .)
    THEN            reduce using rule 40 (exp -> TRUE .)
    COMMA           reduce using rule 40 (exp -> TRUE .)
    SEMICOLON       reduce using rule 40 (exp -> TRUE .)
    BREAK           reduce using rule 40 (exp -> TRUE .)
    LOCAL           reduce using rule 40 (exp -> TRUE .)
    DUALCOLON       reduce using rule 40 (exp -> TRUE .)
    WHILE           reduce using rule 40 (exp -> TRUE .)
    REPEAT          reduce using rule 40 (exp -> TRUE .)
    IF              reduce using rule 40 (exp -> TRUE .)
    FOR             reduce using rule 40 (exp -> TRUE .)
    RETURN          reduce using rule 40 (exp -> TRUE .)
    NAME            reduce using rule 40 (exp -> TRUE .)
    LPAREN          reduce using rule 40 (exp -> TRUE .)
    FUNCTION        reduce using rule 40 (exp -> TRUE .)
    $end            reduce using rule 40 (exp -> TRUE .)
    END             reduce using rule 40 (exp -> TRUE .)
    UNTIL           reduce using rule 40 (exp -> TRUE .)
    ELSEIF          reduce using rule 40 (exp -> TRUE .)
    ELSE            reduce using rule 40 (exp -> TRUE .)
    RPAREN          reduce using rule 40 (exp -> TRUE .)
    RCOLCH          reduce using rule 40 (exp -> TRUE .)


state 50

    (41) exp -> NUMBER .

    DO              reduce using rule 41 (exp -> NUMBER .)
    PLUS            reduce using rule 41 (exp -> NUMBER .)
    MINUS           reduce using rule 41 (exp -> NUMBER .)
    TIMES           reduce using rule 41 (exp -> NUMBER .)
    DIVIDE          reduce using rule 41 (exp -> NUMBER .)
    EXPO            reduce using rule 41 (exp -> NUMBER .)
    PERCENTUAL      reduce using rule 41 (exp -> NUMBER .)
    CONCAT          reduce using rule 41 (exp -> NUMBER .)
    LT              reduce using rule 41 (exp -> NUMBER .)
    LTEQUALS        reduce using rule 41 (exp -> NUMBER .)
    GT              reduce using rule 41 (exp -> NUMBER .)
    GTEQUALS        reduce using rule 41 (exp -> NUMBER .)
    EQUALS          reduce using rule 41 (exp -> NUMBER .)
    DIF             reduce using rule 41 (exp -> NUMBER .)
    AND             reduce using rule 41 (exp -> NUMBER .)
    OR              reduce using rule 41 (exp -> NUMBER .)
    THEN            reduce using rule 41 (exp -> NUMBER .)
    COMMA           reduce using rule 41 (exp -> NUMBER .)
    SEMICOLON       reduce using rule 41 (exp -> NUMBER .)
    BREAK           reduce using rule 41 (exp -> NUMBER .)
    LOCAL           reduce using rule 41 (exp -> NUMBER .)
    DUALCOLON       reduce using rule 41 (exp -> NUMBER .)
    WHILE           reduce using rule 41 (exp -> NUMBER .)
    REPEAT          reduce using rule 41 (exp -> NUMBER .)
    IF              reduce using rule 41 (exp -> NUMBER .)
    FOR             reduce using rule 41 (exp -> NUMBER .)
    RETURN          reduce using rule 41 (exp -> NUMBER .)
    NAME            reduce using rule 41 (exp -> NUMBER .)
    LPAREN          reduce using rule 41 (exp -> NUMBER .)
    FUNCTION        reduce using rule 41 (exp -> NUMBER .)
    $end            reduce using rule 41 (exp -> NUMBER .)
    END             reduce using rule 41 (exp -> NUMBER .)
    UNTIL           reduce using rule 41 (exp -> NUMBER .)
    ELSEIF          reduce using rule 41 (exp -> NUMBER .)
    ELSE            reduce using rule 41 (exp -> NUMBER .)
    RPAREN          reduce using rule 41 (exp -> NUMBER .)
    RCOLCH          reduce using rule 41 (exp -> NUMBER .)


state 51

    (42) exp -> STRING .

    DO              reduce using rule 42 (exp -> STRING .)
    PLUS            reduce using rule 42 (exp -> STRING .)
    MINUS           reduce using rule 42 (exp -> STRING .)
    TIMES           reduce using rule 42 (exp -> STRING .)
    DIVIDE          reduce using rule 42 (exp -> STRING .)
    EXPO            reduce using rule 42 (exp -> STRING .)
    PERCENTUAL      reduce using rule 42 (exp -> STRING .)
    CONCAT          reduce using rule 42 (exp -> STRING .)
    LT              reduce using rule 42 (exp -> STRING .)
    LTEQUALS        reduce using rule 42 (exp -> STRING .)
    GT              reduce using rule 42 (exp -> STRING .)
    GTEQUALS        reduce using rule 42 (exp -> STRING .)
    EQUALS          reduce using rule 42 (exp -> STRING .)
    DIF             reduce using rule 42 (exp -> STRING .)
    AND             reduce using rule 42 (exp -> STRING .)
    OR              reduce using rule 42 (exp -> STRING .)
    THEN            reduce using rule 42 (exp -> STRING .)
    COMMA           reduce using rule 42 (exp -> STRING .)
    SEMICOLON       reduce using rule 42 (exp -> STRING .)
    BREAK           reduce using rule 42 (exp -> STRING .)
    LOCAL           reduce using rule 42 (exp -> STRING .)
    DUALCOLON       reduce using rule 42 (exp -> STRING .)
    WHILE           reduce using rule 42 (exp -> STRING .)
    REPEAT          reduce using rule 42 (exp -> STRING .)
    IF              reduce using rule 42 (exp -> STRING .)
    FOR             reduce using rule 42 (exp -> STRING .)
    RETURN          reduce using rule 42 (exp -> STRING .)
    NAME            reduce using rule 42 (exp -> STRING .)
    LPAREN          reduce using rule 42 (exp -> STRING .)
    FUNCTION        reduce using rule 42 (exp -> STRING .)
    $end            reduce using rule 42 (exp -> STRING .)
    END             reduce using rule 42 (exp -> STRING .)
    UNTIL           reduce using rule 42 (exp -> STRING .)
    ELSEIF          reduce using rule 42 (exp -> STRING .)
    ELSE            reduce using rule 42 (exp -> STRING .)
    RPAREN          reduce using rule 42 (exp -> STRING .)
    RCOLCH          reduce using rule 42 (exp -> STRING .)


state 52

    (43) exp -> VARARGS .

    DO              reduce using rule 43 (exp -> VARARGS .)
    PLUS            reduce using rule 43 (exp -> VARARGS .)
    MINUS           reduce using rule 43 (exp -> VARARGS .)
    TIMES           reduce using rule 43 (exp -> VARARGS .)
    DIVIDE          reduce using rule 43 (exp -> VARARGS .)
    EXPO            reduce using rule 43 (exp -> VARARGS .)
    PERCENTUAL      reduce using rule 43 (exp -> VARARGS .)
    CONCAT          reduce using rule 43 (exp -> VARARGS .)
    LT              reduce using rule 43 (exp -> VARARGS .)
    LTEQUALS        reduce using rule 43 (exp -> VARARGS .)
    GT              reduce using rule 43 (exp -> VARARGS .)
    GTEQUALS        reduce using rule 43 (exp -> VARARGS .)
    EQUALS          reduce using rule 43 (exp -> VARARGS .)
    DIF             reduce using rule 43 (exp -> VARARGS .)
    AND             reduce using rule 43 (exp -> VARARGS .)
    OR              reduce using rule 43 (exp -> VARARGS .)
    THEN            reduce using rule 43 (exp -> VARARGS .)
    COMMA           reduce using rule 43 (exp -> VARARGS .)
    SEMICOLON       reduce using rule 43 (exp -> VARARGS .)
    BREAK           reduce using rule 43 (exp -> VARARGS .)
    LOCAL           reduce using rule 43 (exp -> VARARGS .)
    DUALCOLON       reduce using rule 43 (exp -> VARARGS .)
    WHILE           reduce using rule 43 (exp -> VARARGS .)
    REPEAT          reduce using rule 43 (exp -> VARARGS .)
    IF              reduce using rule 43 (exp -> VARARGS .)
    FOR             reduce using rule 43 (exp -> VARARGS .)
    RETURN          reduce using rule 43 (exp -> VARARGS .)
    NAME            reduce using rule 43 (exp -> VARARGS .)
    LPAREN          reduce using rule 43 (exp -> VARARGS .)
    FUNCTION        reduce using rule 43 (exp -> VARARGS .)
    $end            reduce using rule 43 (exp -> VARARGS .)
    END             reduce using rule 43 (exp -> VARARGS .)
    UNTIL           reduce using rule 43 (exp -> VARARGS .)
    ELSEIF          reduce using rule 43 (exp -> VARARGS .)
    ELSE            reduce using rule 43 (exp -> VARARGS .)
    RPAREN          reduce using rule 43 (exp -> VARARGS .)
    RCOLCH          reduce using rule 43 (exp -> VARARGS .)


state 53

    (44) exp -> def_function .

    DO              reduce using rule 44 (exp -> def_function .)
    PLUS            reduce using rule 44 (exp -> def_function .)
    MINUS           reduce using rule 44 (exp -> def_function .)
    TIMES           reduce using rule 44 (exp -> def_function .)
    DIVIDE          reduce using rule 44 (exp -> def_function .)
    EXPO            reduce using rule 44 (exp -> def_function .)
    PERCENTUAL      reduce using rule 44 (exp -> def_function .)
    CONCAT          reduce using rule 44 (exp -> def_function .)
    LT              reduce using rule 44 (exp -> def_function .)
    LTEQUALS        reduce using rule 44 (exp -> def_function .)
    GT              reduce using rule 44 (exp -> def_function .)
    GTEQUALS        reduce using rule 44 (exp -> def_function .)
    EQUALS          reduce using rule 44 (exp -> def_function .)
    DIF             reduce using rule 44 (exp -> def_function .)
    AND             reduce using rule 44 (exp -> def_function .)
    OR              reduce using rule 44 (exp -> def_function .)
    THEN            reduce using rule 44 (exp -> def_function .)
    COMMA           reduce using rule 44 (exp -> def_function .)
    SEMICOLON       reduce using rule 44 (exp -> def_function .)
    BREAK           reduce using rule 44 (exp -> def_function .)
    LOCAL           reduce using rule 44 (exp -> def_function .)
    DUALCOLON       reduce using rule 44 (exp -> def_function .)
    WHILE           reduce using rule 44 (exp -> def_function .)
    REPEAT          reduce using rule 44 (exp -> def_function .)
    IF              reduce using rule 44 (exp -> def_function .)
    FOR             reduce using rule 44 (exp -> def_function .)
    RETURN          reduce using rule 44 (exp -> def_function .)
    NAME            reduce using rule 44 (exp -> def_function .)
    LPAREN          reduce using rule 44 (exp -> def_function .)
    FUNCTION        reduce using rule 44 (exp -> def_function .)
    $end            reduce using rule 44 (exp -> def_function .)
    END             reduce using rule 44 (exp -> def_function .)
    UNTIL           reduce using rule 44 (exp -> def_function .)
    ELSEIF          reduce using rule 44 (exp -> def_function .)
    ELSE            reduce using rule 44 (exp -> def_function .)
    RPAREN          reduce using rule 44 (exp -> def_function .)
    RCOLCH          reduce using rule 44 (exp -> def_function .)


state 54

    (46) exp -> TAG . exp
    (28) exp -> . prefix_exp args
    (38) exp -> . NIL
    (39) exp -> . FALSE
    (40) exp -> . TRUE
    (41) exp -> . NUMBER
    (42) exp -> . STRING
    (43) exp -> . VARARGS
    (44) exp -> . def_function
    (45) exp -> . prefix_exp
    (46) exp -> . TAG exp
    (47) exp -> . MINUS exp
    (48) exp -> . NOT exp
    (49) exp -> . exp PLUS exp
    (50) exp -> . exp MINUS exp
    (51) exp -> . exp TIMES exp
    (52) exp -> . exp DIVIDE exp
    (53) exp -> . exp EXPO exp
    (54) exp -> . exp PERCENTUAL exp
    (55) exp -> . exp CONCAT exp
    (56) exp -> . exp LT exp
    (57) exp -> . exp LTEQUALS exp
    (58) exp -> . exp GT exp
    (59) exp -> . exp GTEQUALS exp
    (60) exp -> . exp EQUALS exp
    (61) exp -> . exp DIF exp
    (62) exp -> . exp AND exp
    (63) exp -> . exp OR exp
    (29) prefix_exp -> . NAME
    (30) prefix_exp -> . LPAREN exp RPAREN
    (31) prefix_exp -> . prefix_exp sufix_exp
    (65) def_function -> . function
    (71) function -> . FUNCTION name_function body_function

    NIL             shift and go to state 47
    FALSE           shift and go to state 48
    TRUE            shift and go to state 49
    NUMBER          shift and go to state 50
    STRING          shift and go to state 51
    VARARGS         shift and go to state 52
    TAG             shift and go to state 54
    MINUS           shift and go to state 55
    NOT             shift and go to state 56
    NAME            shift and go to state 57
    LPAREN          shift and go to state 29
    FUNCTION        shift and go to state 7

    exp                            shift and go to state 96
    prefix_exp                     shift and go to state 46
    def_function                   shift and go to state 53
    function                       shift and go to state 58

state 55

    (47) exp -> MINUS . exp
    (28) exp -> . prefix_exp args
    (38) exp -> . NIL
    (39) exp -> . FALSE
    (40) exp -> . TRUE
    (41) exp -> . NUMBER
    (42) exp -> . STRING
    (43) exp -> . VARARGS
    (44) exp -> . def_function
    (45) exp -> . prefix_exp
    (46) exp -> . TAG exp
    (47) exp -> . MINUS exp
    (48) exp -> . NOT exp
    (49) exp -> . exp PLUS exp
    (50) exp -> . exp MINUS exp
    (51) exp -> . exp TIMES exp
    (52) exp -> . exp DIVIDE exp
    (53) exp -> . exp EXPO exp
    (54) exp -> . exp PERCENTUAL exp
    (55) exp -> . exp CONCAT exp
    (56) exp -> . exp LT exp
    (57) exp -> . exp LTEQUALS exp
    (58) exp -> . exp GT exp
    (59) exp -> . exp GTEQUALS exp
    (60) exp -> . exp EQUALS exp
    (61) exp -> . exp DIF exp
    (62) exp -> . exp AND exp
    (63) exp -> . exp OR exp
    (29) prefix_exp -> . NAME
    (30) prefix_exp -> . LPAREN exp RPAREN
    (31) prefix_exp -> . prefix_exp sufix_exp
    (65) def_function -> . function
    (71) function -> . FUNCTION name_function body_function

    NIL             shift and go to state 47
    FALSE           shift and go to state 48
    TRUE            shift and go to state 49
    NUMBER          shift and go to state 50
    STRING          shift and go to state 51
    VARARGS         shift and go to state 52
    TAG             shift and go to state 54
    MINUS           shift and go to state 55
    NOT             shift and go to state 56
    NAME            shift and go to state 57
    LPAREN          shift and go to state 29
    FUNCTION        shift and go to state 7

    exp                            shift and go to state 97
    prefix_exp                     shift and go to state 46
    def_function                   shift and go to state 53
    function                       shift and go to state 58

state 56

    (48) exp -> NOT . exp
    (28) exp -> . prefix_exp args
    (38) exp -> . NIL
    (39) exp -> . FALSE
    (40) exp -> . TRUE
    (41) exp -> . NUMBER
    (42) exp -> . STRING
    (43) exp -> . VARARGS
    (44) exp -> . def_function
    (45) exp -> . prefix_exp
    (46) exp -> . TAG exp
    (47) exp -> . MINUS exp
    (48) exp -> . NOT exp
    (49) exp -> . exp PLUS exp
    (50) exp -> . exp MINUS exp
    (51) exp -> . exp TIMES exp
    (52) exp -> . exp DIVIDE exp
    (53) exp -> . exp EXPO exp
    (54) exp -> . exp PERCENTUAL exp
    (55) exp -> . exp CONCAT exp
    (56) exp -> . exp LT exp
    (57) exp -> . exp LTEQUALS exp
    (58) exp -> . exp GT exp
    (59) exp -> . exp GTEQUALS exp
    (60) exp -> . exp EQUALS exp
    (61) exp -> . exp DIF exp
    (62) exp -> . exp AND exp
    (63) exp -> . exp OR exp
    (29) prefix_exp -> . NAME
    (30) prefix_exp -> . LPAREN exp RPAREN
    (31) prefix_exp -> . prefix_exp sufix_exp
    (65) def_function -> . function
    (71) function -> . FUNCTION name_function body_function

    NIL             shift and go to state 47
    FALSE           shift and go to state 48
    TRUE            shift and go to state 49
    NUMBER          shift and go to state 50
    STRING          shift and go to state 51
    VARARGS         shift and go to state 52
    TAG             shift and go to state 54
    MINUS           shift and go to state 55
    NOT             shift and go to state 56
    NAME            shift and go to state 57
    LPAREN          shift and go to state 29
    FUNCTION        shift and go to state 7

    exp                            shift and go to state 98
    prefix_exp                     shift and go to state 46
    def_function                   shift and go to state 53
    function                       shift and go to state 58

state 57

    (29) prefix_exp -> NAME .

    LPAREN          reduce using rule 29 (prefix_exp -> NAME .)
    DOT             reduce using rule 29 (prefix_exp -> NAME .)
    DO              reduce using rule 29 (prefix_exp -> NAME .)
    PLUS            reduce using rule 29 (prefix_exp -> NAME .)
    MINUS           reduce using rule 29 (prefix_exp -> NAME .)
    TIMES           reduce using rule 29 (prefix_exp -> NAME .)
    DIVIDE          reduce using rule 29 (prefix_exp -> NAME .)
    EXPO            reduce using rule 29 (prefix_exp -> NAME .)
    PERCENTUAL      reduce using rule 29 (prefix_exp -> NAME .)
    CONCAT          reduce using rule 29 (prefix_exp -> NAME .)
    LT              reduce using rule 29 (prefix_exp -> NAME .)
    LTEQUALS        reduce using rule 29 (prefix_exp -> NAME .)
    GT              reduce using rule 29 (prefix_exp -> NAME .)
    GTEQUALS        reduce using rule 29 (prefix_exp -> NAME .)
    EQUALS          reduce using rule 29 (prefix_exp -> NAME .)
    DIF             reduce using rule 29 (prefix_exp -> NAME .)
    AND             reduce using rule 29 (prefix_exp -> NAME .)
    OR              reduce using rule 29 (prefix_exp -> NAME .)
    THEN            reduce using rule 29 (prefix_exp -> NAME .)
    COMMA           reduce using rule 29 (prefix_exp -> NAME .)
    SEMICOLON       reduce using rule 29 (prefix_exp -> NAME .)
    BREAK           reduce using rule 29 (prefix_exp -> NAME .)
    LOCAL           reduce using rule 29 (prefix_exp -> NAME .)
    DUALCOLON       reduce using rule 29 (prefix_exp -> NAME .)
    WHILE           reduce using rule 29 (prefix_exp -> NAME .)
    REPEAT          reduce using rule 29 (prefix_exp -> NAME .)
    IF              reduce using rule 29 (prefix_exp -> NAME .)
    FOR             reduce using rule 29 (prefix_exp -> NAME .)
    RETURN          reduce using rule 29 (prefix_exp -> NAME .)
    NAME            reduce using rule 29 (prefix_exp -> NAME .)
    FUNCTION        reduce using rule 29 (prefix_exp -> NAME .)
    $end            reduce using rule 29 (prefix_exp -> NAME .)
    END             reduce using rule 29 (prefix_exp -> NAME .)
    UNTIL           reduce using rule 29 (prefix_exp -> NAME .)
    ELSEIF          reduce using rule 29 (prefix_exp -> NAME .)
    ELSE            reduce using rule 29 (prefix_exp -> NAME .)
    RPAREN          reduce using rule 29 (prefix_exp -> NAME .)
    RCOLCH          reduce using rule 29 (prefix_exp -> NAME .)


state 58

    (65) def_function -> function .

    DO              reduce using rule 65 (def_function -> function .)
    PLUS            reduce using rule 65 (def_function -> function .)
    MINUS           reduce using rule 65 (def_function -> function .)
    TIMES           reduce using rule 65 (def_function -> function .)
    DIVIDE          reduce using rule 65 (def_function -> function .)
    EXPO            reduce using rule 65 (def_function -> function .)
    PERCENTUAL      reduce using rule 65 (def_function -> function .)
    CONCAT          reduce using rule 65 (def_function -> function .)
    LT              reduce using rule 65 (def_function -> function .)
    LTEQUALS        reduce using rule 65 (def_function -> function .)
    GT              reduce using rule 65 (def_function -> function .)
    GTEQUALS        reduce using rule 65 (def_function -> function .)
    EQUALS          reduce using rule 65 (def_function -> function .)
    DIF             reduce using rule 65 (def_function -> function .)
    AND             reduce using rule 65 (def_function -> function .)
    OR              reduce using rule 65 (def_function -> function .)
    THEN            reduce using rule 65 (def_function -> function .)
    COMMA           reduce using rule 65 (def_function -> function .)
    SEMICOLON       reduce using rule 65 (def_function -> function .)
    BREAK           reduce using rule 65 (def_function -> function .)
    LOCAL           reduce using rule 65 (def_function -> function .)
    DUALCOLON       reduce using rule 65 (def_function -> function .)
    WHILE           reduce using rule 65 (def_function -> function .)
    REPEAT          reduce using rule 65 (def_function -> function .)
    IF              reduce using rule 65 (def_function -> function .)
    FOR             reduce using rule 65 (def_function -> function .)
    RETURN          reduce using rule 65 (def_function -> function .)
    NAME            reduce using rule 65 (def_function -> function .)
    LPAREN          reduce using rule 65 (def_function -> function .)
    FUNCTION        reduce using rule 65 (def_function -> function .)
    $end            reduce using rule 65 (def_function -> function .)
    END             reduce using rule 65 (def_function -> function .)
    UNTIL           reduce using rule 65 (def_function -> function .)
    ELSEIF          reduce using rule 65 (def_function -> function .)
    ELSE            reduce using rule 65 (def_function -> function .)
    RPAREN          reduce using rule 65 (def_function -> function .)
    RCOLCH          reduce using rule 65 (def_function -> function .)


state 59

    (83) struct_repeat -> REPEAT block . UNTIL exp

    UNTIL           shift and go to state 99


state 60

    (73) if -> IF exp . THEN block elseif_list else_opt END
    (49) exp -> exp . PLUS exp
    (50) exp -> exp . MINUS exp
    (51) exp -> exp . TIMES exp
    (52) exp -> exp . DIVIDE exp
    (53) exp -> exp . EXPO exp
    (54) exp -> exp . PERCENTUAL exp
    (55) exp -> exp . CONCAT exp
    (56) exp -> exp . LT exp
    (57) exp -> exp . LTEQUALS exp
    (58) exp -> exp . GT exp
    (59) exp -> exp . GTEQUALS exp
    (60) exp -> exp . EQUALS exp
    (61) exp -> exp . DIF exp
    (62) exp -> exp . AND exp
    (63) exp -> exp . OR exp

    THEN            shift and go to state 100
    PLUS            shift and go to state 80
    MINUS           shift and go to state 81
    TIMES           shift and go to state 82
    DIVIDE          shift and go to state 83
    EXPO            shift and go to state 84
    PERCENTUAL      shift and go to state 85
    CONCAT          shift and go to state 86
    LT              shift and go to state 87
    LTEQUALS        shift and go to state 88
    GT              shift and go to state 89
    GTEQUALS        shift and go to state 90
    EQUALS          shift and go to state 91
    DIF             shift and go to state 92
    AND             shift and go to state 93
    OR              shift and go to state 94


state 61

    (80) struct_for -> FOR NAME . ATRIB exp COMMA exp DO block END
    (81) struct_for -> FOR NAME . ATRIB exp COMMA exp COMMA exp DO block END
    (34) list_names -> NAME .
    (35) list_names -> NAME . COMMA list_names

    ATRIB           shift and go to state 101
    IN              reduce using rule 34 (list_names -> NAME .)
    COMMA           shift and go to state 102


state 62

    (82) struct_for_in -> FOR list_names . IN list_exps DO block END

    IN              shift and go to state 103


state 63

    (20) command_ret -> RETURN SEMICOLON .

    BREAK           reduce using rule 20 (command_ret -> RETURN SEMICOLON .)
    DO              reduce using rule 20 (command_ret -> RETURN SEMICOLON .)
    LOCAL           reduce using rule 20 (command_ret -> RETURN SEMICOLON .)
    DUALCOLON       reduce using rule 20 (command_ret -> RETURN SEMICOLON .)
    WHILE           reduce using rule 20 (command_ret -> RETURN SEMICOLON .)
    REPEAT          reduce using rule 20 (command_ret -> RETURN SEMICOLON .)
    IF              reduce using rule 20 (command_ret -> RETURN SEMICOLON .)
    FOR             reduce using rule 20 (command_ret -> RETURN SEMICOLON .)
    RETURN          reduce using rule 20 (command_ret -> RETURN SEMICOLON .)
    NAME            reduce using rule 20 (command_ret -> RETURN SEMICOLON .)
    LPAREN          reduce using rule 20 (command_ret -> RETURN SEMICOLON .)
    FUNCTION        reduce using rule 20 (command_ret -> RETURN SEMICOLON .)
    $end            reduce using rule 20 (command_ret -> RETURN SEMICOLON .)
    END             reduce using rule 20 (command_ret -> RETURN SEMICOLON .)
    UNTIL           reduce using rule 20 (command_ret -> RETURN SEMICOLON .)
    ELSEIF          reduce using rule 20 (command_ret -> RETURN SEMICOLON .)
    ELSE            reduce using rule 20 (command_ret -> RETURN SEMICOLON .)


state 64

    (21) command_ret -> RETURN list_exps .
    (22) command_ret -> RETURN list_exps . SEMICOLON

    BREAK           reduce using rule 21 (command_ret -> RETURN list_exps .)
    DO              reduce using rule 21 (command_ret -> RETURN list_exps .)
    LOCAL           reduce using rule 21 (command_ret -> RETURN list_exps .)
    DUALCOLON       reduce using rule 21 (command_ret -> RETURN list_exps .)
    WHILE           reduce using rule 21 (command_ret -> RETURN list_exps .)
    REPEAT          reduce using rule 21 (command_ret -> RETURN list_exps .)
    IF              reduce using rule 21 (command_ret -> RETURN list_exps .)
    FOR             reduce using rule 21 (command_ret -> RETURN list_exps .)
    RETURN          reduce using rule 21 (command_ret -> RETURN list_exps .)
    NAME            reduce using rule 21 (command_ret -> RETURN list_exps .)
    LPAREN          reduce using rule 21 (command_ret -> RETURN list_exps .)
    FUNCTION        reduce using rule 21 (command_ret -> RETURN list_exps .)
    $end            reduce using rule 21 (command_ret -> RETURN list_exps .)
    END             reduce using rule 21 (command_ret -> RETURN list_exps .)
    UNTIL           reduce using rule 21 (command_ret -> RETURN list_exps .)
    ELSEIF          reduce using rule 21 (command_ret -> RETURN list_exps .)
    ELSE            reduce using rule 21 (command_ret -> RETURN list_exps .)
    SEMICOLON       shift and go to state 104


state 65

    (36) list_exps -> exp . COMMA list_exps
    (37) list_exps -> exp .
    (49) exp -> exp . PLUS exp
    (50) exp -> exp . MINUS exp
    (51) exp -> exp . TIMES exp
    (52) exp -> exp . DIVIDE exp
    (53) exp -> exp . EXPO exp
    (54) exp -> exp . PERCENTUAL exp
    (55) exp -> exp . CONCAT exp
    (56) exp -> exp . LT exp
    (57) exp -> exp . LTEQUALS exp
    (58) exp -> exp . GT exp
    (59) exp -> exp . GTEQUALS exp
    (60) exp -> exp . EQUALS exp
    (61) exp -> exp . DIF exp
    (62) exp -> exp . AND exp
    (63) exp -> exp . OR exp

    COMMA           shift and go to state 105
    SEMICOLON       reduce using rule 37 (list_exps -> exp .)
    BREAK           reduce using rule 37 (list_exps -> exp .)
    DO              reduce using rule 37 (list_exps -> exp .)
    LOCAL           reduce using rule 37 (list_exps -> exp .)
    DUALCOLON       reduce using rule 37 (list_exps -> exp .)
    WHILE           reduce using rule 37 (list_exps -> exp .)
    REPEAT          reduce using rule 37 (list_exps -> exp .)
    IF              reduce using rule 37 (list_exps -> exp .)
    FOR             reduce using rule 37 (list_exps -> exp .)
    RETURN          reduce using rule 37 (list_exps -> exp .)
    NAME            reduce using rule 37 (list_exps -> exp .)
    LPAREN          reduce using rule 37 (list_exps -> exp .)
    FUNCTION        reduce using rule 37 (list_exps -> exp .)
    $end            reduce using rule 37 (list_exps -> exp .)
    END             reduce using rule 37 (list_exps -> exp .)
    UNTIL           reduce using rule 37 (list_exps -> exp .)
    ELSEIF          reduce using rule 37 (list_exps -> exp .)
    ELSE            reduce using rule 37 (list_exps -> exp .)
    RPAREN          reduce using rule 37 (list_exps -> exp .)
    PLUS            shift and go to state 80
    MINUS           shift and go to state 81
    TIMES           shift and go to state 82
    DIVIDE          shift and go to state 83
    EXPO            shift and go to state 84
    PERCENTUAL      shift and go to state 85
    CONCAT          shift and go to state 86
    LT              shift and go to state 87
    LTEQUALS        shift and go to state 88
    GT              shift and go to state 89
    GTEQUALS        shift and go to state 90
    EQUALS          shift and go to state 91
    DIF             shift and go to state 92
    AND             shift and go to state 93
    OR              shift and go to state 94


state 66

    (30) prefix_exp -> LPAREN exp . RPAREN
    (49) exp -> exp . PLUS exp
    (50) exp -> exp . MINUS exp
    (51) exp -> exp . TIMES exp
    (52) exp -> exp . DIVIDE exp
    (53) exp -> exp . EXPO exp
    (54) exp -> exp . PERCENTUAL exp
    (55) exp -> exp . CONCAT exp
    (56) exp -> exp . LT exp
    (57) exp -> exp . LTEQUALS exp
    (58) exp -> exp . GT exp
    (59) exp -> exp . GTEQUALS exp
    (60) exp -> exp . EQUALS exp
    (61) exp -> exp . DIF exp
    (62) exp -> exp . AND exp
    (63) exp -> exp . OR exp

    RPAREN          shift and go to state 106
    PLUS            shift and go to state 80
    MINUS           shift and go to state 81
    TIMES           shift and go to state 82
    DIVIDE          shift and go to state 83
    EXPO            shift and go to state 84
    PERCENTUAL      shift and go to state 85
    CONCAT          shift and go to state 86
    LT              shift and go to state 87
    LTEQUALS        shift and go to state 88
    GT              shift and go to state 89
    GTEQUALS        shift and go to state 90
    EQUALS          shift and go to state 91
    DIF             shift and go to state 92
    AND             shift and go to state 93
    OR              shift and go to state 94


state 67

    (71) function -> FUNCTION name_function body_function .

    FUNCTION        reduce using rule 71 (function -> FUNCTION name_function body_function .)
    BREAK           reduce using rule 71 (function -> FUNCTION name_function body_function .)
    DO              reduce using rule 71 (function -> FUNCTION name_function body_function .)
    LOCAL           reduce using rule 71 (function -> FUNCTION name_function body_function .)
    DUALCOLON       reduce using rule 71 (function -> FUNCTION name_function body_function .)
    WHILE           reduce using rule 71 (function -> FUNCTION name_function body_function .)
    REPEAT          reduce using rule 71 (function -> FUNCTION name_function body_function .)
    IF              reduce using rule 71 (function -> FUNCTION name_function body_function .)
    FOR             reduce using rule 71 (function -> FUNCTION name_function body_function .)
    RETURN          reduce using rule 71 (function -> FUNCTION name_function body_function .)
    NAME            reduce using rule 71 (function -> FUNCTION name_function body_function .)
    LPAREN          reduce using rule 71 (function -> FUNCTION name_function body_function .)
    $end            reduce using rule 71 (function -> FUNCTION name_function body_function .)
    PLUS            reduce using rule 71 (function -> FUNCTION name_function body_function .)
    MINUS           reduce using rule 71 (function -> FUNCTION name_function body_function .)
    TIMES           reduce using rule 71 (function -> FUNCTION name_function body_function .)
    DIVIDE          reduce using rule 71 (function -> FUNCTION name_function body_function .)
    EXPO            reduce using rule 71 (function -> FUNCTION name_function body_function .)
    PERCENTUAL      reduce using rule 71 (function -> FUNCTION name_function body_function .)
    CONCAT          reduce using rule 71 (function -> FUNCTION name_function body_function .)
    LT              reduce using rule 71 (function -> FUNCTION name_function body_function .)
    LTEQUALS        reduce using rule 71 (function -> FUNCTION name_function body_function .)
    GT              reduce using rule 71 (function -> FUNCTION name_function body_function .)
    GTEQUALS        reduce using rule 71 (function -> FUNCTION name_function body_function .)
    EQUALS          reduce using rule 71 (function -> FUNCTION name_function body_function .)
    DIF             reduce using rule 71 (function -> FUNCTION name_function body_function .)
    AND             reduce using rule 71 (function -> FUNCTION name_function body_function .)
    OR              reduce using rule 71 (function -> FUNCTION name_function body_function .)
    THEN            reduce using rule 71 (function -> FUNCTION name_function body_function .)
    COMMA           reduce using rule 71 (function -> FUNCTION name_function body_function .)
    SEMICOLON       reduce using rule 71 (function -> FUNCTION name_function body_function .)
    END             reduce using rule 71 (function -> FUNCTION name_function body_function .)
    UNTIL           reduce using rule 71 (function -> FUNCTION name_function body_function .)
    ELSEIF          reduce using rule 71 (function -> FUNCTION name_function body_function .)
    ELSE            reduce using rule 71 (function -> FUNCTION name_function body_function .)
    RPAREN          reduce using rule 71 (function -> FUNCTION name_function body_function .)
    RCOLCH          reduce using rule 71 (function -> FUNCTION name_function body_function .)


state 68

    (67) body_function -> LPAREN . list_pars RPAREN block END
    (68) list_pars -> . list_names
    (69) list_pars -> . list_names COMMA VARARGS
    (70) list_pars -> . VARARGS
    (34) list_names -> . NAME
    (35) list_names -> . NAME COMMA list_names

    VARARGS         shift and go to state 109
    NAME            shift and go to state 110

    list_pars                      shift and go to state 107
    list_names                     shift and go to state 108

state 69

    (8) command -> list_vars ATRIB list_exps .

    BREAK           reduce using rule 8 (command -> list_vars ATRIB list_exps .)
    DO              reduce using rule 8 (command -> list_vars ATRIB list_exps .)
    LOCAL           reduce using rule 8 (command -> list_vars ATRIB list_exps .)
    DUALCOLON       reduce using rule 8 (command -> list_vars ATRIB list_exps .)
    WHILE           reduce using rule 8 (command -> list_vars ATRIB list_exps .)
    REPEAT          reduce using rule 8 (command -> list_vars ATRIB list_exps .)
    IF              reduce using rule 8 (command -> list_vars ATRIB list_exps .)
    FOR             reduce using rule 8 (command -> list_vars ATRIB list_exps .)
    RETURN          reduce using rule 8 (command -> list_vars ATRIB list_exps .)
    NAME            reduce using rule 8 (command -> list_vars ATRIB list_exps .)
    LPAREN          reduce using rule 8 (command -> list_vars ATRIB list_exps .)
    FUNCTION        reduce using rule 8 (command -> list_vars ATRIB list_exps .)
    $end            reduce using rule 8 (command -> list_vars ATRIB list_exps .)
    END             reduce using rule 8 (command -> list_vars ATRIB list_exps .)
    UNTIL           reduce using rule 8 (command -> list_vars ATRIB list_exps .)
    ELSEIF          reduce using rule 8 (command -> list_vars ATRIB list_exps .)
    ELSE            reduce using rule 8 (command -> list_vars ATRIB list_exps .)


state 70

    (12) command -> DO block END .

    BREAK           reduce using rule 12 (command -> DO block END .)
    DO              reduce using rule 12 (command -> DO block END .)
    LOCAL           reduce using rule 12 (command -> DO block END .)
    DUALCOLON       reduce using rule 12 (command -> DO block END .)
    WHILE           reduce using rule 12 (command -> DO block END .)
    REPEAT          reduce using rule 12 (command -> DO block END .)
    IF              reduce using rule 12 (command -> DO block END .)
    FOR             reduce using rule 12 (command -> DO block END .)
    RETURN          reduce using rule 12 (command -> DO block END .)
    NAME            reduce using rule 12 (command -> DO block END .)
    LPAREN          reduce using rule 12 (command -> DO block END .)
    FUNCTION        reduce using rule 12 (command -> DO block END .)
    $end            reduce using rule 12 (command -> DO block END .)
    END             reduce using rule 12 (command -> DO block END .)
    UNTIL           reduce using rule 12 (command -> DO block END .)
    ELSEIF          reduce using rule 12 (command -> DO block END .)
    ELSE            reduce using rule 12 (command -> DO block END .)


state 71

    (18) command -> LOCAL list_vars ATRIB . list_exps
    (36) list_exps -> . exp COMMA list_exps
    (37) list_exps -> . exp
    (28) exp -> . prefix_exp args
    (38) exp -> . NIL
    (39) exp -> . FALSE
    (40) exp -> . TRUE
    (41) exp -> . NUMBER
    (42) exp -> . STRING
    (43) exp -> . VARARGS
    (44) exp -> . def_function
    (45) exp -> . prefix_exp
    (46) exp -> . TAG exp
    (47) exp -> . MINUS exp
    (48) exp -> . NOT exp
    (49) exp -> . exp PLUS exp
    (50) exp -> . exp MINUS exp
    (51) exp -> . exp TIMES exp
    (52) exp -> . exp DIVIDE exp
    (53) exp -> . exp EXPO exp
    (54) exp -> . exp PERCENTUAL exp
    (55) exp -> . exp CONCAT exp
    (56) exp -> . exp LT exp
    (57) exp -> . exp LTEQUALS exp
    (58) exp -> . exp GT exp
    (59) exp -> . exp GTEQUALS exp
    (60) exp -> . exp EQUALS exp
    (61) exp -> . exp DIF exp
    (62) exp -> . exp AND exp
    (63) exp -> . exp OR exp
    (29) prefix_exp -> . NAME
    (30) prefix_exp -> . LPAREN exp RPAREN
    (31) prefix_exp -> . prefix_exp sufix_exp
    (65) def_function -> . function
    (71) function -> . FUNCTION name_function body_function

    NIL             shift and go to state 47
    FALSE           shift and go to state 48
    TRUE            shift and go to state 49
    NUMBER          shift and go to state 50
    STRING          shift and go to state 51
    VARARGS         shift and go to state 52
    TAG             shift and go to state 54
    MINUS           shift and go to state 55
    NOT             shift and go to state 56
    NAME            shift and go to state 57
    LPAREN          shift and go to state 29
    FUNCTION        shift and go to state 7

    list_exps                      shift and go to state 111
    exp                            shift and go to state 65
    prefix_exp                     shift and go to state 46
    def_function                   shift and go to state 53
    function                       shift and go to state 58

state 72

    (25) list_vars -> var COMMA list_vars .

    ATRIB           reduce using rule 25 (list_vars -> var COMMA list_vars .)


state 73

    (27) var -> prefix_exp LCOLCH exp . RCOLCH
    (49) exp -> exp . PLUS exp
    (50) exp -> exp . MINUS exp
    (51) exp -> exp . TIMES exp
    (52) exp -> exp . DIVIDE exp
    (53) exp -> exp . EXPO exp
    (54) exp -> exp . PERCENTUAL exp
    (55) exp -> exp . CONCAT exp
    (56) exp -> exp . LT exp
    (57) exp -> exp . LTEQUALS exp
    (58) exp -> exp . GT exp
    (59) exp -> exp . GTEQUALS exp
    (60) exp -> exp . EQUALS exp
    (61) exp -> exp . DIF exp
    (62) exp -> exp . AND exp
    (63) exp -> exp . OR exp

    RCOLCH          shift and go to state 112
    PLUS            shift and go to state 80
    MINUS           shift and go to state 81
    TIMES           shift and go to state 82
    DIVIDE          shift and go to state 83
    EXPO            shift and go to state 84
    PERCENTUAL      shift and go to state 85
    CONCAT          shift and go to state 86
    LT              shift and go to state 87
    LTEQUALS        shift and go to state 88
    GT              shift and go to state 89
    GTEQUALS        shift and go to state 90
    EQUALS          shift and go to state 91
    DIF             shift and go to state 92
    AND             shift and go to state 93
    OR              shift and go to state 94


state 74

    (66) args -> LPAREN list_exps . RPAREN

    RPAREN          shift and go to state 113


state 75

    (32) sufix_exp -> DOT NAME .
    (29) prefix_exp -> NAME .

  ! reduce/reduce conflict for LPAREN resolved using rule 29 (prefix_exp -> NAME .)
  ! reduce/reduce conflict for DOT resolved using rule 29 (prefix_exp -> NAME .)
    LCOLCH          reduce using rule 32 (sufix_exp -> DOT NAME .)
    DO              reduce using rule 32 (sufix_exp -> DOT NAME .)
    PLUS            reduce using rule 32 (sufix_exp -> DOT NAME .)
    MINUS           reduce using rule 32 (sufix_exp -> DOT NAME .)
    TIMES           reduce using rule 32 (sufix_exp -> DOT NAME .)
    DIVIDE          reduce using rule 32 (sufix_exp -> DOT NAME .)
    EXPO            reduce using rule 32 (sufix_exp -> DOT NAME .)
    PERCENTUAL      reduce using rule 32 (sufix_exp -> DOT NAME .)
    CONCAT          reduce using rule 32 (sufix_exp -> DOT NAME .)
    LT              reduce using rule 32 (sufix_exp -> DOT NAME .)
    LTEQUALS        reduce using rule 32 (sufix_exp -> DOT NAME .)
    GT              reduce using rule 32 (sufix_exp -> DOT NAME .)
    GTEQUALS        reduce using rule 32 (sufix_exp -> DOT NAME .)
    EQUALS          reduce using rule 32 (sufix_exp -> DOT NAME .)
    DIF             reduce using rule 32 (sufix_exp -> DOT NAME .)
    AND             reduce using rule 32 (sufix_exp -> DOT NAME .)
    OR              reduce using rule 32 (sufix_exp -> DOT NAME .)
    THEN            reduce using rule 32 (sufix_exp -> DOT NAME .)
    COMMA           reduce using rule 32 (sufix_exp -> DOT NAME .)
    SEMICOLON       reduce using rule 32 (sufix_exp -> DOT NAME .)
    BREAK           reduce using rule 32 (sufix_exp -> DOT NAME .)
    LOCAL           reduce using rule 32 (sufix_exp -> DOT NAME .)
    DUALCOLON       reduce using rule 32 (sufix_exp -> DOT NAME .)
    WHILE           reduce using rule 32 (sufix_exp -> DOT NAME .)
    REPEAT          reduce using rule 32 (sufix_exp -> DOT NAME .)
    IF              reduce using rule 32 (sufix_exp -> DOT NAME .)
    FOR             reduce using rule 32 (sufix_exp -> DOT NAME .)
    RETURN          reduce using rule 32 (sufix_exp -> DOT NAME .)
    NAME            reduce using rule 32 (sufix_exp -> DOT NAME .)
    FUNCTION        reduce using rule 32 (sufix_exp -> DOT NAME .)
    $end            reduce using rule 32 (sufix_exp -> DOT NAME .)
    END             reduce using rule 32 (sufix_exp -> DOT NAME .)
    UNTIL           reduce using rule 32 (sufix_exp -> DOT NAME .)
    ELSEIF          reduce using rule 32 (sufix_exp -> DOT NAME .)
    ELSE            reduce using rule 32 (sufix_exp -> DOT NAME .)
    RPAREN          reduce using rule 32 (sufix_exp -> DOT NAME .)
    RCOLCH          reduce using rule 32 (sufix_exp -> DOT NAME .)
    LPAREN          reduce using rule 29 (prefix_exp -> NAME .)
    DOT             reduce using rule 29 (prefix_exp -> NAME .)

  ! LPAREN          [ reduce using rule 32 (sufix_exp -> DOT NAME .) ]
  ! DOT             [ reduce using rule 32 (sufix_exp -> DOT NAME .) ]


state 76

    (33) sufix_exp -> DOT call_function .

    LCOLCH          reduce using rule 33 (sufix_exp -> DOT call_function .)
    LPAREN          reduce using rule 33 (sufix_exp -> DOT call_function .)
    DOT             reduce using rule 33 (sufix_exp -> DOT call_function .)
    DO              reduce using rule 33 (sufix_exp -> DOT call_function .)
    PLUS            reduce using rule 33 (sufix_exp -> DOT call_function .)
    MINUS           reduce using rule 33 (sufix_exp -> DOT call_function .)
    TIMES           reduce using rule 33 (sufix_exp -> DOT call_function .)
    DIVIDE          reduce using rule 33 (sufix_exp -> DOT call_function .)
    EXPO            reduce using rule 33 (sufix_exp -> DOT call_function .)
    PERCENTUAL      reduce using rule 33 (sufix_exp -> DOT call_function .)
    CONCAT          reduce using rule 33 (sufix_exp -> DOT call_function .)
    LT              reduce using rule 33 (sufix_exp -> DOT call_function .)
    LTEQUALS        reduce using rule 33 (sufix_exp -> DOT call_function .)
    GT              reduce using rule 33 (sufix_exp -> DOT call_function .)
    GTEQUALS        reduce using rule 33 (sufix_exp -> DOT call_function .)
    EQUALS          reduce using rule 33 (sufix_exp -> DOT call_function .)
    DIF             reduce using rule 33 (sufix_exp -> DOT call_function .)
    AND             reduce using rule 33 (sufix_exp -> DOT call_function .)
    OR              reduce using rule 33 (sufix_exp -> DOT call_function .)
    THEN            reduce using rule 33 (sufix_exp -> DOT call_function .)
    COMMA           reduce using rule 33 (sufix_exp -> DOT call_function .)
    SEMICOLON       reduce using rule 33 (sufix_exp -> DOT call_function .)
    BREAK           reduce using rule 33 (sufix_exp -> DOT call_function .)
    LOCAL           reduce using rule 33 (sufix_exp -> DOT call_function .)
    DUALCOLON       reduce using rule 33 (sufix_exp -> DOT call_function .)
    WHILE           reduce using rule 33 (sufix_exp -> DOT call_function .)
    REPEAT          reduce using rule 33 (sufix_exp -> DOT call_function .)
    IF              reduce using rule 33 (sufix_exp -> DOT call_function .)
    FOR             reduce using rule 33 (sufix_exp -> DOT call_function .)
    RETURN          reduce using rule 33 (sufix_exp -> DOT call_function .)
    NAME            reduce using rule 33 (sufix_exp -> DOT call_function .)
    FUNCTION        reduce using rule 33 (sufix_exp -> DOT call_function .)
    $end            reduce using rule 33 (sufix_exp -> DOT call_function .)
    END             reduce using rule 33 (sufix_exp -> DOT call_function .)
    UNTIL           reduce using rule 33 (sufix_exp -> DOT call_function .)
    ELSEIF          reduce using rule 33 (sufix_exp -> DOT call_function .)
    ELSE            reduce using rule 33 (sufix_exp -> DOT call_function .)
    RPAREN          reduce using rule 33 (sufix_exp -> DOT call_function .)
    RCOLCH          reduce using rule 33 (sufix_exp -> DOT call_function .)


state 77

    (64) call_function -> prefix_exp . args
    (31) prefix_exp -> prefix_exp . sufix_exp
    (66) args -> . LPAREN list_exps RPAREN
    (32) sufix_exp -> . DOT NAME
    (33) sufix_exp -> . DOT call_function

    LPAREN          shift and go to state 42
    DOT             shift and go to state 43

    args                           shift and go to state 39
    sufix_exp                      shift and go to state 41

state 78

    (23) rotulo -> DUALCOLON NAME DUALCOLON .

    BREAK           reduce using rule 23 (rotulo -> DUALCOLON NAME DUALCOLON .)
    DO              reduce using rule 23 (rotulo -> DUALCOLON NAME DUALCOLON .)
    LOCAL           reduce using rule 23 (rotulo -> DUALCOLON NAME DUALCOLON .)
    DUALCOLON       reduce using rule 23 (rotulo -> DUALCOLON NAME DUALCOLON .)
    WHILE           reduce using rule 23 (rotulo -> DUALCOLON NAME DUALCOLON .)
    REPEAT          reduce using rule 23 (rotulo -> DUALCOLON NAME DUALCOLON .)
    IF              reduce using rule 23 (rotulo -> DUALCOLON NAME DUALCOLON .)
    FOR             reduce using rule 23 (rotulo -> DUALCOLON NAME DUALCOLON .)
    RETURN          reduce using rule 23 (rotulo -> DUALCOLON NAME DUALCOLON .)
    NAME            reduce using rule 23 (rotulo -> DUALCOLON NAME DUALCOLON .)
    LPAREN          reduce using rule 23 (rotulo -> DUALCOLON NAME DUALCOLON .)
    FUNCTION        reduce using rule 23 (rotulo -> DUALCOLON NAME DUALCOLON .)
    $end            reduce using rule 23 (rotulo -> DUALCOLON NAME DUALCOLON .)
    END             reduce using rule 23 (rotulo -> DUALCOLON NAME DUALCOLON .)
    UNTIL           reduce using rule 23 (rotulo -> DUALCOLON NAME DUALCOLON .)
    ELSEIF          reduce using rule 23 (rotulo -> DUALCOLON NAME DUALCOLON .)
    ELSE            reduce using rule 23 (rotulo -> DUALCOLON NAME DUALCOLON .)


state 79

    (79) struct_while -> WHILE exp DO . block END
    (6) block -> . command
    (7) block -> . command block
    (8) command -> . list_vars ATRIB list_exps
    (9) command -> . call_function
    (10) command -> . rotulo
    (11) command -> . BREAK
    (12) command -> . DO block END
    (13) command -> . struct_while
    (14) command -> . struct_repeat
    (15) command -> . if
    (16) command -> . struct_for
    (17) command -> . struct_for_in
    (18) command -> . LOCAL list_vars ATRIB list_exps
    (19) command -> . command_ret
    (24) list_vars -> . var
    (25) list_vars -> . var COMMA list_vars
    (64) call_function -> . prefix_exp args
    (23) rotulo -> . DUALCOLON NAME DUALCOLON
    (79) struct_while -> . WHILE exp DO block END
    (83) struct_repeat -> . REPEAT block UNTIL exp
    (73) if -> . IF exp THEN block elseif_list else_opt END
    (80) struct_for -> . FOR NAME ATRIB exp COMMA exp DO block END
    (81) struct_for -> . FOR NAME ATRIB exp COMMA exp COMMA exp DO block END
    (82) struct_for_in -> . FOR list_names IN list_exps DO block END
    (20) command_ret -> . RETURN SEMICOLON
    (21) command_ret -> . RETURN list_exps
    (22) command_ret -> . RETURN list_exps SEMICOLON
    (26) var -> . NAME
    (27) var -> . prefix_exp LCOLCH exp RCOLCH
    (29) prefix_exp -> . NAME
    (30) prefix_exp -> . LPAREN exp RPAREN
    (31) prefix_exp -> . prefix_exp sufix_exp

    BREAK           shift and go to state 11
    DO              shift and go to state 12
    LOCAL           shift and go to state 18
    DUALCOLON       shift and go to state 22
    WHILE           shift and go to state 24
    REPEAT          shift and go to state 25
    IF              shift and go to state 26
    FOR             shift and go to state 27
    RETURN          shift and go to state 28
    NAME            shift and go to state 23
    LPAREN          shift and go to state 29

    block                          shift and go to state 114
    command                        shift and go to state 6
    list_vars                      shift and go to state 8
    call_function                  shift and go to state 9
    rotulo                         shift and go to state 10
    struct_while                   shift and go to state 13
    struct_repeat                  shift and go to state 14
    if                             shift and go to state 15
    struct_for                     shift and go to state 16
    struct_for_in                  shift and go to state 17
    command_ret                    shift and go to state 19
    var                            shift and go to state 20
    prefix_exp                     shift and go to state 21

state 80

    (49) exp -> exp PLUS . exp
    (28) exp -> . prefix_exp args
    (38) exp -> . NIL
    (39) exp -> . FALSE
    (40) exp -> . TRUE
    (41) exp -> . NUMBER
    (42) exp -> . STRING
    (43) exp -> . VARARGS
    (44) exp -> . def_function
    (45) exp -> . prefix_exp
    (46) exp -> . TAG exp
    (47) exp -> . MINUS exp
    (48) exp -> . NOT exp
    (49) exp -> . exp PLUS exp
    (50) exp -> . exp MINUS exp
    (51) exp -> . exp TIMES exp
    (52) exp -> . exp DIVIDE exp
    (53) exp -> . exp EXPO exp
    (54) exp -> . exp PERCENTUAL exp
    (55) exp -> . exp CONCAT exp
    (56) exp -> . exp LT exp
    (57) exp -> . exp LTEQUALS exp
    (58) exp -> . exp GT exp
    (59) exp -> . exp GTEQUALS exp
    (60) exp -> . exp EQUALS exp
    (61) exp -> . exp DIF exp
    (62) exp -> . exp AND exp
    (63) exp -> . exp OR exp
    (29) prefix_exp -> . NAME
    (30) prefix_exp -> . LPAREN exp RPAREN
    (31) prefix_exp -> . prefix_exp sufix_exp
    (65) def_function -> . function
    (71) function -> . FUNCTION name_function body_function

    NIL             shift and go to state 47
    FALSE           shift and go to state 48
    TRUE            shift and go to state 49
    NUMBER          shift and go to state 50
    STRING          shift and go to state 51
    VARARGS         shift and go to state 52
    TAG             shift and go to state 54
    MINUS           shift and go to state 55
    NOT             shift and go to state 56
    NAME            shift and go to state 57
    LPAREN          shift and go to state 29
    FUNCTION        shift and go to state 7

    exp                            shift and go to state 115
    prefix_exp                     shift and go to state 46
    def_function                   shift and go to state 53
    function                       shift and go to state 58

state 81

    (50) exp -> exp MINUS . exp
    (28) exp -> . prefix_exp args
    (38) exp -> . NIL
    (39) exp -> . FALSE
    (40) exp -> . TRUE
    (41) exp -> . NUMBER
    (42) exp -> . STRING
    (43) exp -> . VARARGS
    (44) exp -> . def_function
    (45) exp -> . prefix_exp
    (46) exp -> . TAG exp
    (47) exp -> . MINUS exp
    (48) exp -> . NOT exp
    (49) exp -> . exp PLUS exp
    (50) exp -> . exp MINUS exp
    (51) exp -> . exp TIMES exp
    (52) exp -> . exp DIVIDE exp
    (53) exp -> . exp EXPO exp
    (54) exp -> . exp PERCENTUAL exp
    (55) exp -> . exp CONCAT exp
    (56) exp -> . exp LT exp
    (57) exp -> . exp LTEQUALS exp
    (58) exp -> . exp GT exp
    (59) exp -> . exp GTEQUALS exp
    (60) exp -> . exp EQUALS exp
    (61) exp -> . exp DIF exp
    (62) exp -> . exp AND exp
    (63) exp -> . exp OR exp
    (29) prefix_exp -> . NAME
    (30) prefix_exp -> . LPAREN exp RPAREN
    (31) prefix_exp -> . prefix_exp sufix_exp
    (65) def_function -> . function
    (71) function -> . FUNCTION name_function body_function

    NIL             shift and go to state 47
    FALSE           shift and go to state 48
    TRUE            shift and go to state 49
    NUMBER          shift and go to state 50
    STRING          shift and go to state 51
    VARARGS         shift and go to state 52
    TAG             shift and go to state 54
    MINUS           shift and go to state 55
    NOT             shift and go to state 56
    NAME            shift and go to state 57
    LPAREN          shift and go to state 29
    FUNCTION        shift and go to state 7

    exp                            shift and go to state 116
    prefix_exp                     shift and go to state 46
    def_function                   shift and go to state 53
    function                       shift and go to state 58

state 82

    (51) exp -> exp TIMES . exp
    (28) exp -> . prefix_exp args
    (38) exp -> . NIL
    (39) exp -> . FALSE
    (40) exp -> . TRUE
    (41) exp -> . NUMBER
    (42) exp -> . STRING
    (43) exp -> . VARARGS
    (44) exp -> . def_function
    (45) exp -> . prefix_exp
    (46) exp -> . TAG exp
    (47) exp -> . MINUS exp
    (48) exp -> . NOT exp
    (49) exp -> . exp PLUS exp
    (50) exp -> . exp MINUS exp
    (51) exp -> . exp TIMES exp
    (52) exp -> . exp DIVIDE exp
    (53) exp -> . exp EXPO exp
    (54) exp -> . exp PERCENTUAL exp
    (55) exp -> . exp CONCAT exp
    (56) exp -> . exp LT exp
    (57) exp -> . exp LTEQUALS exp
    (58) exp -> . exp GT exp
    (59) exp -> . exp GTEQUALS exp
    (60) exp -> . exp EQUALS exp
    (61) exp -> . exp DIF exp
    (62) exp -> . exp AND exp
    (63) exp -> . exp OR exp
    (29) prefix_exp -> . NAME
    (30) prefix_exp -> . LPAREN exp RPAREN
    (31) prefix_exp -> . prefix_exp sufix_exp
    (65) def_function -> . function
    (71) function -> . FUNCTION name_function body_function

    NIL             shift and go to state 47
    FALSE           shift and go to state 48
    TRUE            shift and go to state 49
    NUMBER          shift and go to state 50
    STRING          shift and go to state 51
    VARARGS         shift and go to state 52
    TAG             shift and go to state 54
    MINUS           shift and go to state 55
    NOT             shift and go to state 56
    NAME            shift and go to state 57
    LPAREN          shift and go to state 29
    FUNCTION        shift and go to state 7

    exp                            shift and go to state 117
    prefix_exp                     shift and go to state 46
    def_function                   shift and go to state 53
    function                       shift and go to state 58

state 83

    (52) exp -> exp DIVIDE . exp
    (28) exp -> . prefix_exp args
    (38) exp -> . NIL
    (39) exp -> . FALSE
    (40) exp -> . TRUE
    (41) exp -> . NUMBER
    (42) exp -> . STRING
    (43) exp -> . VARARGS
    (44) exp -> . def_function
    (45) exp -> . prefix_exp
    (46) exp -> . TAG exp
    (47) exp -> . MINUS exp
    (48) exp -> . NOT exp
    (49) exp -> . exp PLUS exp
    (50) exp -> . exp MINUS exp
    (51) exp -> . exp TIMES exp
    (52) exp -> . exp DIVIDE exp
    (53) exp -> . exp EXPO exp
    (54) exp -> . exp PERCENTUAL exp
    (55) exp -> . exp CONCAT exp
    (56) exp -> . exp LT exp
    (57) exp -> . exp LTEQUALS exp
    (58) exp -> . exp GT exp
    (59) exp -> . exp GTEQUALS exp
    (60) exp -> . exp EQUALS exp
    (61) exp -> . exp DIF exp
    (62) exp -> . exp AND exp
    (63) exp -> . exp OR exp
    (29) prefix_exp -> . NAME
    (30) prefix_exp -> . LPAREN exp RPAREN
    (31) prefix_exp -> . prefix_exp sufix_exp
    (65) def_function -> . function
    (71) function -> . FUNCTION name_function body_function

    NIL             shift and go to state 47
    FALSE           shift and go to state 48
    TRUE            shift and go to state 49
    NUMBER          shift and go to state 50
    STRING          shift and go to state 51
    VARARGS         shift and go to state 52
    TAG             shift and go to state 54
    MINUS           shift and go to state 55
    NOT             shift and go to state 56
    NAME            shift and go to state 57
    LPAREN          shift and go to state 29
    FUNCTION        shift and go to state 7

    exp                            shift and go to state 118
    prefix_exp                     shift and go to state 46
    def_function                   shift and go to state 53
    function                       shift and go to state 58

state 84

    (53) exp -> exp EXPO . exp
    (28) exp -> . prefix_exp args
    (38) exp -> . NIL
    (39) exp -> . FALSE
    (40) exp -> . TRUE
    (41) exp -> . NUMBER
    (42) exp -> . STRING
    (43) exp -> . VARARGS
    (44) exp -> . def_function
    (45) exp -> . prefix_exp
    (46) exp -> . TAG exp
    (47) exp -> . MINUS exp
    (48) exp -> . NOT exp
    (49) exp -> . exp PLUS exp
    (50) exp -> . exp MINUS exp
    (51) exp -> . exp TIMES exp
    (52) exp -> . exp DIVIDE exp
    (53) exp -> . exp EXPO exp
    (54) exp -> . exp PERCENTUAL exp
    (55) exp -> . exp CONCAT exp
    (56) exp -> . exp LT exp
    (57) exp -> . exp LTEQUALS exp
    (58) exp -> . exp GT exp
    (59) exp -> . exp GTEQUALS exp
    (60) exp -> . exp EQUALS exp
    (61) exp -> . exp DIF exp
    (62) exp -> . exp AND exp
    (63) exp -> . exp OR exp
    (29) prefix_exp -> . NAME
    (30) prefix_exp -> . LPAREN exp RPAREN
    (31) prefix_exp -> . prefix_exp sufix_exp
    (65) def_function -> . function
    (71) function -> . FUNCTION name_function body_function

    NIL             shift and go to state 47
    FALSE           shift and go to state 48
    TRUE            shift and go to state 49
    NUMBER          shift and go to state 50
    STRING          shift and go to state 51
    VARARGS         shift and go to state 52
    TAG             shift and go to state 54
    MINUS           shift and go to state 55
    NOT             shift and go to state 56
    NAME            shift and go to state 57
    LPAREN          shift and go to state 29
    FUNCTION        shift and go to state 7

    exp                            shift and go to state 119
    prefix_exp                     shift and go to state 46
    def_function                   shift and go to state 53
    function                       shift and go to state 58

state 85

    (54) exp -> exp PERCENTUAL . exp
    (28) exp -> . prefix_exp args
    (38) exp -> . NIL
    (39) exp -> . FALSE
    (40) exp -> . TRUE
    (41) exp -> . NUMBER
    (42) exp -> . STRING
    (43) exp -> . VARARGS
    (44) exp -> . def_function
    (45) exp -> . prefix_exp
    (46) exp -> . TAG exp
    (47) exp -> . MINUS exp
    (48) exp -> . NOT exp
    (49) exp -> . exp PLUS exp
    (50) exp -> . exp MINUS exp
    (51) exp -> . exp TIMES exp
    (52) exp -> . exp DIVIDE exp
    (53) exp -> . exp EXPO exp
    (54) exp -> . exp PERCENTUAL exp
    (55) exp -> . exp CONCAT exp
    (56) exp -> . exp LT exp
    (57) exp -> . exp LTEQUALS exp
    (58) exp -> . exp GT exp
    (59) exp -> . exp GTEQUALS exp
    (60) exp -> . exp EQUALS exp
    (61) exp -> . exp DIF exp
    (62) exp -> . exp AND exp
    (63) exp -> . exp OR exp
    (29) prefix_exp -> . NAME
    (30) prefix_exp -> . LPAREN exp RPAREN
    (31) prefix_exp -> . prefix_exp sufix_exp
    (65) def_function -> . function
    (71) function -> . FUNCTION name_function body_function

    NIL             shift and go to state 47
    FALSE           shift and go to state 48
    TRUE            shift and go to state 49
    NUMBER          shift and go to state 50
    STRING          shift and go to state 51
    VARARGS         shift and go to state 52
    TAG             shift and go to state 54
    MINUS           shift and go to state 55
    NOT             shift and go to state 56
    NAME            shift and go to state 57
    LPAREN          shift and go to state 29
    FUNCTION        shift and go to state 7

    exp                            shift and go to state 120
    prefix_exp                     shift and go to state 46
    def_function                   shift and go to state 53
    function                       shift and go to state 58

state 86

    (55) exp -> exp CONCAT . exp
    (28) exp -> . prefix_exp args
    (38) exp -> . NIL
    (39) exp -> . FALSE
    (40) exp -> . TRUE
    (41) exp -> . NUMBER
    (42) exp -> . STRING
    (43) exp -> . VARARGS
    (44) exp -> . def_function
    (45) exp -> . prefix_exp
    (46) exp -> . TAG exp
    (47) exp -> . MINUS exp
    (48) exp -> . NOT exp
    (49) exp -> . exp PLUS exp
    (50) exp -> . exp MINUS exp
    (51) exp -> . exp TIMES exp
    (52) exp -> . exp DIVIDE exp
    (53) exp -> . exp EXPO exp
    (54) exp -> . exp PERCENTUAL exp
    (55) exp -> . exp CONCAT exp
    (56) exp -> . exp LT exp
    (57) exp -> . exp LTEQUALS exp
    (58) exp -> . exp GT exp
    (59) exp -> . exp GTEQUALS exp
    (60) exp -> . exp EQUALS exp
    (61) exp -> . exp DIF exp
    (62) exp -> . exp AND exp
    (63) exp -> . exp OR exp
    (29) prefix_exp -> . NAME
    (30) prefix_exp -> . LPAREN exp RPAREN
    (31) prefix_exp -> . prefix_exp sufix_exp
    (65) def_function -> . function
    (71) function -> . FUNCTION name_function body_function

    NIL             shift and go to state 47
    FALSE           shift and go to state 48
    TRUE            shift and go to state 49
    NUMBER          shift and go to state 50
    STRING          shift and go to state 51
    VARARGS         shift and go to state 52
    TAG             shift and go to state 54
    MINUS           shift and go to state 55
    NOT             shift and go to state 56
    NAME            shift and go to state 57
    LPAREN          shift and go to state 29
    FUNCTION        shift and go to state 7

    exp                            shift and go to state 121
    prefix_exp                     shift and go to state 46
    def_function                   shift and go to state 53
    function                       shift and go to state 58

state 87

    (56) exp -> exp LT . exp
    (28) exp -> . prefix_exp args
    (38) exp -> . NIL
    (39) exp -> . FALSE
    (40) exp -> . TRUE
    (41) exp -> . NUMBER
    (42) exp -> . STRING
    (43) exp -> . VARARGS
    (44) exp -> . def_function
    (45) exp -> . prefix_exp
    (46) exp -> . TAG exp
    (47) exp -> . MINUS exp
    (48) exp -> . NOT exp
    (49) exp -> . exp PLUS exp
    (50) exp -> . exp MINUS exp
    (51) exp -> . exp TIMES exp
    (52) exp -> . exp DIVIDE exp
    (53) exp -> . exp EXPO exp
    (54) exp -> . exp PERCENTUAL exp
    (55) exp -> . exp CONCAT exp
    (56) exp -> . exp LT exp
    (57) exp -> . exp LTEQUALS exp
    (58) exp -> . exp GT exp
    (59) exp -> . exp GTEQUALS exp
    (60) exp -> . exp EQUALS exp
    (61) exp -> . exp DIF exp
    (62) exp -> . exp AND exp
    (63) exp -> . exp OR exp
    (29) prefix_exp -> . NAME
    (30) prefix_exp -> . LPAREN exp RPAREN
    (31) prefix_exp -> . prefix_exp sufix_exp
    (65) def_function -> . function
    (71) function -> . FUNCTION name_function body_function

    NIL             shift and go to state 47
    FALSE           shift and go to state 48
    TRUE            shift and go to state 49
    NUMBER          shift and go to state 50
    STRING          shift and go to state 51
    VARARGS         shift and go to state 52
    TAG             shift and go to state 54
    MINUS           shift and go to state 55
    NOT             shift and go to state 56
    NAME            shift and go to state 57
    LPAREN          shift and go to state 29
    FUNCTION        shift and go to state 7

    exp                            shift and go to state 122
    prefix_exp                     shift and go to state 46
    def_function                   shift and go to state 53
    function                       shift and go to state 58

state 88

    (57) exp -> exp LTEQUALS . exp
    (28) exp -> . prefix_exp args
    (38) exp -> . NIL
    (39) exp -> . FALSE
    (40) exp -> . TRUE
    (41) exp -> . NUMBER
    (42) exp -> . STRING
    (43) exp -> . VARARGS
    (44) exp -> . def_function
    (45) exp -> . prefix_exp
    (46) exp -> . TAG exp
    (47) exp -> . MINUS exp
    (48) exp -> . NOT exp
    (49) exp -> . exp PLUS exp
    (50) exp -> . exp MINUS exp
    (51) exp -> . exp TIMES exp
    (52) exp -> . exp DIVIDE exp
    (53) exp -> . exp EXPO exp
    (54) exp -> . exp PERCENTUAL exp
    (55) exp -> . exp CONCAT exp
    (56) exp -> . exp LT exp
    (57) exp -> . exp LTEQUALS exp
    (58) exp -> . exp GT exp
    (59) exp -> . exp GTEQUALS exp
    (60) exp -> . exp EQUALS exp
    (61) exp -> . exp DIF exp
    (62) exp -> . exp AND exp
    (63) exp -> . exp OR exp
    (29) prefix_exp -> . NAME
    (30) prefix_exp -> . LPAREN exp RPAREN
    (31) prefix_exp -> . prefix_exp sufix_exp
    (65) def_function -> . function
    (71) function -> . FUNCTION name_function body_function

    NIL             shift and go to state 47
    FALSE           shift and go to state 48
    TRUE            shift and go to state 49
    NUMBER          shift and go to state 50
    STRING          shift and go to state 51
    VARARGS         shift and go to state 52
    TAG             shift and go to state 54
    MINUS           shift and go to state 55
    NOT             shift and go to state 56
    NAME            shift and go to state 57
    LPAREN          shift and go to state 29
    FUNCTION        shift and go to state 7

    exp                            shift and go to state 123
    prefix_exp                     shift and go to state 46
    def_function                   shift and go to state 53
    function                       shift and go to state 58

state 89

    (58) exp -> exp GT . exp
    (28) exp -> . prefix_exp args
    (38) exp -> . NIL
    (39) exp -> . FALSE
    (40) exp -> . TRUE
    (41) exp -> . NUMBER
    (42) exp -> . STRING
    (43) exp -> . VARARGS
    (44) exp -> . def_function
    (45) exp -> . prefix_exp
    (46) exp -> . TAG exp
    (47) exp -> . MINUS exp
    (48) exp -> . NOT exp
    (49) exp -> . exp PLUS exp
    (50) exp -> . exp MINUS exp
    (51) exp -> . exp TIMES exp
    (52) exp -> . exp DIVIDE exp
    (53) exp -> . exp EXPO exp
    (54) exp -> . exp PERCENTUAL exp
    (55) exp -> . exp CONCAT exp
    (56) exp -> . exp LT exp
    (57) exp -> . exp LTEQUALS exp
    (58) exp -> . exp GT exp
    (59) exp -> . exp GTEQUALS exp
    (60) exp -> . exp EQUALS exp
    (61) exp -> . exp DIF exp
    (62) exp -> . exp AND exp
    (63) exp -> . exp OR exp
    (29) prefix_exp -> . NAME
    (30) prefix_exp -> . LPAREN exp RPAREN
    (31) prefix_exp -> . prefix_exp sufix_exp
    (65) def_function -> . function
    (71) function -> . FUNCTION name_function body_function

    NIL             shift and go to state 47
    FALSE           shift and go to state 48
    TRUE            shift and go to state 49
    NUMBER          shift and go to state 50
    STRING          shift and go to state 51
    VARARGS         shift and go to state 52
    TAG             shift and go to state 54
    MINUS           shift and go to state 55
    NOT             shift and go to state 56
    NAME            shift and go to state 57
    LPAREN          shift and go to state 29
    FUNCTION        shift and go to state 7

    exp                            shift and go to state 124
    prefix_exp                     shift and go to state 46
    def_function                   shift and go to state 53
    function                       shift and go to state 58

state 90

    (59) exp -> exp GTEQUALS . exp
    (28) exp -> . prefix_exp args
    (38) exp -> . NIL
    (39) exp -> . FALSE
    (40) exp -> . TRUE
    (41) exp -> . NUMBER
    (42) exp -> . STRING
    (43) exp -> . VARARGS
    (44) exp -> . def_function
    (45) exp -> . prefix_exp
    (46) exp -> . TAG exp
    (47) exp -> . MINUS exp
    (48) exp -> . NOT exp
    (49) exp -> . exp PLUS exp
    (50) exp -> . exp MINUS exp
    (51) exp -> . exp TIMES exp
    (52) exp -> . exp DIVIDE exp
    (53) exp -> . exp EXPO exp
    (54) exp -> . exp PERCENTUAL exp
    (55) exp -> . exp CONCAT exp
    (56) exp -> . exp LT exp
    (57) exp -> . exp LTEQUALS exp
    (58) exp -> . exp GT exp
    (59) exp -> . exp GTEQUALS exp
    (60) exp -> . exp EQUALS exp
    (61) exp -> . exp DIF exp
    (62) exp -> . exp AND exp
    (63) exp -> . exp OR exp
    (29) prefix_exp -> . NAME
    (30) prefix_exp -> . LPAREN exp RPAREN
    (31) prefix_exp -> . prefix_exp sufix_exp
    (65) def_function -> . function
    (71) function -> . FUNCTION name_function body_function

    NIL             shift and go to state 47
    FALSE           shift and go to state 48
    TRUE            shift and go to state 49
    NUMBER          shift and go to state 50
    STRING          shift and go to state 51
    VARARGS         shift and go to state 52
    TAG             shift and go to state 54
    MINUS           shift and go to state 55
    NOT             shift and go to state 56
    NAME            shift and go to state 57
    LPAREN          shift and go to state 29
    FUNCTION        shift and go to state 7

    exp                            shift and go to state 125
    prefix_exp                     shift and go to state 46
    def_function                   shift and go to state 53
    function                       shift and go to state 58

state 91

    (60) exp -> exp EQUALS . exp
    (28) exp -> . prefix_exp args
    (38) exp -> . NIL
    (39) exp -> . FALSE
    (40) exp -> . TRUE
    (41) exp -> . NUMBER
    (42) exp -> . STRING
    (43) exp -> . VARARGS
    (44) exp -> . def_function
    (45) exp -> . prefix_exp
    (46) exp -> . TAG exp
    (47) exp -> . MINUS exp
    (48) exp -> . NOT exp
    (49) exp -> . exp PLUS exp
    (50) exp -> . exp MINUS exp
    (51) exp -> . exp TIMES exp
    (52) exp -> . exp DIVIDE exp
    (53) exp -> . exp EXPO exp
    (54) exp -> . exp PERCENTUAL exp
    (55) exp -> . exp CONCAT exp
    (56) exp -> . exp LT exp
    (57) exp -> . exp LTEQUALS exp
    (58) exp -> . exp GT exp
    (59) exp -> . exp GTEQUALS exp
    (60) exp -> . exp EQUALS exp
    (61) exp -> . exp DIF exp
    (62) exp -> . exp AND exp
    (63) exp -> . exp OR exp
    (29) prefix_exp -> . NAME
    (30) prefix_exp -> . LPAREN exp RPAREN
    (31) prefix_exp -> . prefix_exp sufix_exp
    (65) def_function -> . function
    (71) function -> . FUNCTION name_function body_function

    NIL             shift and go to state 47
    FALSE           shift and go to state 48
    TRUE            shift and go to state 49
    NUMBER          shift and go to state 50
    STRING          shift and go to state 51
    VARARGS         shift and go to state 52
    TAG             shift and go to state 54
    MINUS           shift and go to state 55
    NOT             shift and go to state 56
    NAME            shift and go to state 57
    LPAREN          shift and go to state 29
    FUNCTION        shift and go to state 7

    exp                            shift and go to state 126
    prefix_exp                     shift and go to state 46
    def_function                   shift and go to state 53
    function                       shift and go to state 58

state 92

    (61) exp -> exp DIF . exp
    (28) exp -> . prefix_exp args
    (38) exp -> . NIL
    (39) exp -> . FALSE
    (40) exp -> . TRUE
    (41) exp -> . NUMBER
    (42) exp -> . STRING
    (43) exp -> . VARARGS
    (44) exp -> . def_function
    (45) exp -> . prefix_exp
    (46) exp -> . TAG exp
    (47) exp -> . MINUS exp
    (48) exp -> . NOT exp
    (49) exp -> . exp PLUS exp
    (50) exp -> . exp MINUS exp
    (51) exp -> . exp TIMES exp
    (52) exp -> . exp DIVIDE exp
    (53) exp -> . exp EXPO exp
    (54) exp -> . exp PERCENTUAL exp
    (55) exp -> . exp CONCAT exp
    (56) exp -> . exp LT exp
    (57) exp -> . exp LTEQUALS exp
    (58) exp -> . exp GT exp
    (59) exp -> . exp GTEQUALS exp
    (60) exp -> . exp EQUALS exp
    (61) exp -> . exp DIF exp
    (62) exp -> . exp AND exp
    (63) exp -> . exp OR exp
    (29) prefix_exp -> . NAME
    (30) prefix_exp -> . LPAREN exp RPAREN
    (31) prefix_exp -> . prefix_exp sufix_exp
    (65) def_function -> . function
    (71) function -> . FUNCTION name_function body_function

    NIL             shift and go to state 47
    FALSE           shift and go to state 48
    TRUE            shift and go to state 49
    NUMBER          shift and go to state 50
    STRING          shift and go to state 51
    VARARGS         shift and go to state 52
    TAG             shift and go to state 54
    MINUS           shift and go to state 55
    NOT             shift and go to state 56
    NAME            shift and go to state 57
    LPAREN          shift and go to state 29
    FUNCTION        shift and go to state 7

    exp                            shift and go to state 127
    prefix_exp                     shift and go to state 46
    def_function                   shift and go to state 53
    function                       shift and go to state 58

state 93

    (62) exp -> exp AND . exp
    (28) exp -> . prefix_exp args
    (38) exp -> . NIL
    (39) exp -> . FALSE
    (40) exp -> . TRUE
    (41) exp -> . NUMBER
    (42) exp -> . STRING
    (43) exp -> . VARARGS
    (44) exp -> . def_function
    (45) exp -> . prefix_exp
    (46) exp -> . TAG exp
    (47) exp -> . MINUS exp
    (48) exp -> . NOT exp
    (49) exp -> . exp PLUS exp
    (50) exp -> . exp MINUS exp
    (51) exp -> . exp TIMES exp
    (52) exp -> . exp DIVIDE exp
    (53) exp -> . exp EXPO exp
    (54) exp -> . exp PERCENTUAL exp
    (55) exp -> . exp CONCAT exp
    (56) exp -> . exp LT exp
    (57) exp -> . exp LTEQUALS exp
    (58) exp -> . exp GT exp
    (59) exp -> . exp GTEQUALS exp
    (60) exp -> . exp EQUALS exp
    (61) exp -> . exp DIF exp
    (62) exp -> . exp AND exp
    (63) exp -> . exp OR exp
    (29) prefix_exp -> . NAME
    (30) prefix_exp -> . LPAREN exp RPAREN
    (31) prefix_exp -> . prefix_exp sufix_exp
    (65) def_function -> . function
    (71) function -> . FUNCTION name_function body_function

    NIL             shift and go to state 47
    FALSE           shift and go to state 48
    TRUE            shift and go to state 49
    NUMBER          shift and go to state 50
    STRING          shift and go to state 51
    VARARGS         shift and go to state 52
    TAG             shift and go to state 54
    MINUS           shift and go to state 55
    NOT             shift and go to state 56
    NAME            shift and go to state 57
    LPAREN          shift and go to state 29
    FUNCTION        shift and go to state 7

    exp                            shift and go to state 128
    prefix_exp                     shift and go to state 46
    def_function                   shift and go to state 53
    function                       shift and go to state 58

state 94

    (63) exp -> exp OR . exp
    (28) exp -> . prefix_exp args
    (38) exp -> . NIL
    (39) exp -> . FALSE
    (40) exp -> . TRUE
    (41) exp -> . NUMBER
    (42) exp -> . STRING
    (43) exp -> . VARARGS
    (44) exp -> . def_function
    (45) exp -> . prefix_exp
    (46) exp -> . TAG exp
    (47) exp -> . MINUS exp
    (48) exp -> . NOT exp
    (49) exp -> . exp PLUS exp
    (50) exp -> . exp MINUS exp
    (51) exp -> . exp TIMES exp
    (52) exp -> . exp DIVIDE exp
    (53) exp -> . exp EXPO exp
    (54) exp -> . exp PERCENTUAL exp
    (55) exp -> . exp CONCAT exp
    (56) exp -> . exp LT exp
    (57) exp -> . exp LTEQUALS exp
    (58) exp -> . exp GT exp
    (59) exp -> . exp GTEQUALS exp
    (60) exp -> . exp EQUALS exp
    (61) exp -> . exp DIF exp
    (62) exp -> . exp AND exp
    (63) exp -> . exp OR exp
    (29) prefix_exp -> . NAME
    (30) prefix_exp -> . LPAREN exp RPAREN
    (31) prefix_exp -> . prefix_exp sufix_exp
    (65) def_function -> . function
    (71) function -> . FUNCTION name_function body_function

    NIL             shift and go to state 47
    FALSE           shift and go to state 48
    TRUE            shift and go to state 49
    NUMBER          shift and go to state 50
    STRING          shift and go to state 51
    VARARGS         shift and go to state 52
    TAG             shift and go to state 54
    MINUS           shift and go to state 55
    NOT             shift and go to state 56
    NAME            shift and go to state 57
    LPAREN          shift and go to state 29
    FUNCTION        shift and go to state 7

    exp                            shift and go to state 129
    prefix_exp                     shift and go to state 46
    def_function                   shift and go to state 53
    function                       shift and go to state 58

state 95

    (28) exp -> prefix_exp args .

    DO              reduce using rule 28 (exp -> prefix_exp args .)
    PLUS            reduce using rule 28 (exp -> prefix_exp args .)
    MINUS           reduce using rule 28 (exp -> prefix_exp args .)
    TIMES           reduce using rule 28 (exp -> prefix_exp args .)
    DIVIDE          reduce using rule 28 (exp -> prefix_exp args .)
    EXPO            reduce using rule 28 (exp -> prefix_exp args .)
    PERCENTUAL      reduce using rule 28 (exp -> prefix_exp args .)
    CONCAT          reduce using rule 28 (exp -> prefix_exp args .)
    LT              reduce using rule 28 (exp -> prefix_exp args .)
    LTEQUALS        reduce using rule 28 (exp -> prefix_exp args .)
    GT              reduce using rule 28 (exp -> prefix_exp args .)
    GTEQUALS        reduce using rule 28 (exp -> prefix_exp args .)
    EQUALS          reduce using rule 28 (exp -> prefix_exp args .)
    DIF             reduce using rule 28 (exp -> prefix_exp args .)
    AND             reduce using rule 28 (exp -> prefix_exp args .)
    OR              reduce using rule 28 (exp -> prefix_exp args .)
    THEN            reduce using rule 28 (exp -> prefix_exp args .)
    COMMA           reduce using rule 28 (exp -> prefix_exp args .)
    SEMICOLON       reduce using rule 28 (exp -> prefix_exp args .)
    BREAK           reduce using rule 28 (exp -> prefix_exp args .)
    LOCAL           reduce using rule 28 (exp -> prefix_exp args .)
    DUALCOLON       reduce using rule 28 (exp -> prefix_exp args .)
    WHILE           reduce using rule 28 (exp -> prefix_exp args .)
    REPEAT          reduce using rule 28 (exp -> prefix_exp args .)
    IF              reduce using rule 28 (exp -> prefix_exp args .)
    FOR             reduce using rule 28 (exp -> prefix_exp args .)
    RETURN          reduce using rule 28 (exp -> prefix_exp args .)
    NAME            reduce using rule 28 (exp -> prefix_exp args .)
    LPAREN          reduce using rule 28 (exp -> prefix_exp args .)
    FUNCTION        reduce using rule 28 (exp -> prefix_exp args .)
    $end            reduce using rule 28 (exp -> prefix_exp args .)
    END             reduce using rule 28 (exp -> prefix_exp args .)
    UNTIL           reduce using rule 28 (exp -> prefix_exp args .)
    ELSEIF          reduce using rule 28 (exp -> prefix_exp args .)
    ELSE            reduce using rule 28 (exp -> prefix_exp args .)
    RPAREN          reduce using rule 28 (exp -> prefix_exp args .)
    RCOLCH          reduce using rule 28 (exp -> prefix_exp args .)


state 96

    (46) exp -> TAG exp .
    (49) exp -> exp . PLUS exp
    (50) exp -> exp . MINUS exp
    (51) exp -> exp . TIMES exp
    (52) exp -> exp . DIVIDE exp
    (53) exp -> exp . EXPO exp
    (54) exp -> exp . PERCENTUAL exp
    (55) exp -> exp . CONCAT exp
    (56) exp -> exp . LT exp
    (57) exp -> exp . LTEQUALS exp
    (58) exp -> exp . GT exp
    (59) exp -> exp . GTEQUALS exp
    (60) exp -> exp . EQUALS exp
    (61) exp -> exp . DIF exp
    (62) exp -> exp . AND exp
    (63) exp -> exp . OR exp

    DO              reduce using rule 46 (exp -> TAG exp .)
    PLUS            reduce using rule 46 (exp -> TAG exp .)
    MINUS           reduce using rule 46 (exp -> TAG exp .)
    TIMES           reduce using rule 46 (exp -> TAG exp .)
    DIVIDE          reduce using rule 46 (exp -> TAG exp .)
    PERCENTUAL      reduce using rule 46 (exp -> TAG exp .)
    CONCAT          reduce using rule 46 (exp -> TAG exp .)
    LT              reduce using rule 46 (exp -> TAG exp .)
    LTEQUALS        reduce using rule 46 (exp -> TAG exp .)
    GT              reduce using rule 46 (exp -> TAG exp .)
    GTEQUALS        reduce using rule 46 (exp -> TAG exp .)
    EQUALS          reduce using rule 46 (exp -> TAG exp .)
    DIF             reduce using rule 46 (exp -> TAG exp .)
    AND             reduce using rule 46 (exp -> TAG exp .)
    OR              reduce using rule 46 (exp -> TAG exp .)
    THEN            reduce using rule 46 (exp -> TAG exp .)
    COMMA           reduce using rule 46 (exp -> TAG exp .)
    SEMICOLON       reduce using rule 46 (exp -> TAG exp .)
    BREAK           reduce using rule 46 (exp -> TAG exp .)
    LOCAL           reduce using rule 46 (exp -> TAG exp .)
    DUALCOLON       reduce using rule 46 (exp -> TAG exp .)
    WHILE           reduce using rule 46 (exp -> TAG exp .)
    REPEAT          reduce using rule 46 (exp -> TAG exp .)
    IF              reduce using rule 46 (exp -> TAG exp .)
    FOR             reduce using rule 46 (exp -> TAG exp .)
    RETURN          reduce using rule 46 (exp -> TAG exp .)
    NAME            reduce using rule 46 (exp -> TAG exp .)
    LPAREN          reduce using rule 46 (exp -> TAG exp .)
    FUNCTION        reduce using rule 46 (exp -> TAG exp .)
    $end            reduce using rule 46 (exp -> TAG exp .)
    END             reduce using rule 46 (exp -> TAG exp .)
    UNTIL           reduce using rule 46 (exp -> TAG exp .)
    ELSEIF          reduce using rule 46 (exp -> TAG exp .)
    ELSE            reduce using rule 46 (exp -> TAG exp .)
    RPAREN          reduce using rule 46 (exp -> TAG exp .)
    RCOLCH          reduce using rule 46 (exp -> TAG exp .)
    EXPO            shift and go to state 84

  ! EXPO            [ reduce using rule 46 (exp -> TAG exp .) ]
  ! PLUS            [ shift and go to state 80 ]
  ! MINUS           [ shift and go to state 81 ]
  ! TIMES           [ shift and go to state 82 ]
  ! DIVIDE          [ shift and go to state 83 ]
  ! PERCENTUAL      [ shift and go to state 85 ]
  ! CONCAT          [ shift and go to state 86 ]
  ! LT              [ shift and go to state 87 ]
  ! LTEQUALS        [ shift and go to state 88 ]
  ! GT              [ shift and go to state 89 ]
  ! GTEQUALS        [ shift and go to state 90 ]
  ! EQUALS          [ shift and go to state 91 ]
  ! DIF             [ shift and go to state 92 ]
  ! AND             [ shift and go to state 93 ]
  ! OR              [ shift and go to state 94 ]


state 97

    (47) exp -> MINUS exp .
    (49) exp -> exp . PLUS exp
    (50) exp -> exp . MINUS exp
    (51) exp -> exp . TIMES exp
    (52) exp -> exp . DIVIDE exp
    (53) exp -> exp . EXPO exp
    (54) exp -> exp . PERCENTUAL exp
    (55) exp -> exp . CONCAT exp
    (56) exp -> exp . LT exp
    (57) exp -> exp . LTEQUALS exp
    (58) exp -> exp . GT exp
    (59) exp -> exp . GTEQUALS exp
    (60) exp -> exp . EQUALS exp
    (61) exp -> exp . DIF exp
    (62) exp -> exp . AND exp
    (63) exp -> exp . OR exp

    DO              reduce using rule 47 (exp -> MINUS exp .)
    PLUS            reduce using rule 47 (exp -> MINUS exp .)
    MINUS           reduce using rule 47 (exp -> MINUS exp .)
    CONCAT          reduce using rule 47 (exp -> MINUS exp .)
    LT              reduce using rule 47 (exp -> MINUS exp .)
    LTEQUALS        reduce using rule 47 (exp -> MINUS exp .)
    GT              reduce using rule 47 (exp -> MINUS exp .)
    GTEQUALS        reduce using rule 47 (exp -> MINUS exp .)
    EQUALS          reduce using rule 47 (exp -> MINUS exp .)
    DIF             reduce using rule 47 (exp -> MINUS exp .)
    AND             reduce using rule 47 (exp -> MINUS exp .)
    OR              reduce using rule 47 (exp -> MINUS exp .)
    THEN            reduce using rule 47 (exp -> MINUS exp .)
    COMMA           reduce using rule 47 (exp -> MINUS exp .)
    SEMICOLON       reduce using rule 47 (exp -> MINUS exp .)
    BREAK           reduce using rule 47 (exp -> MINUS exp .)
    LOCAL           reduce using rule 47 (exp -> MINUS exp .)
    DUALCOLON       reduce using rule 47 (exp -> MINUS exp .)
    WHILE           reduce using rule 47 (exp -> MINUS exp .)
    REPEAT          reduce using rule 47 (exp -> MINUS exp .)
    IF              reduce using rule 47 (exp -> MINUS exp .)
    FOR             reduce using rule 47 (exp -> MINUS exp .)
    RETURN          reduce using rule 47 (exp -> MINUS exp .)
    NAME            reduce using rule 47 (exp -> MINUS exp .)
    LPAREN          reduce using rule 47 (exp -> MINUS exp .)
    FUNCTION        reduce using rule 47 (exp -> MINUS exp .)
    $end            reduce using rule 47 (exp -> MINUS exp .)
    END             reduce using rule 47 (exp -> MINUS exp .)
    UNTIL           reduce using rule 47 (exp -> MINUS exp .)
    ELSEIF          reduce using rule 47 (exp -> MINUS exp .)
    ELSE            reduce using rule 47 (exp -> MINUS exp .)
    RPAREN          reduce using rule 47 (exp -> MINUS exp .)
    RCOLCH          reduce using rule 47 (exp -> MINUS exp .)
    TIMES           shift and go to state 82
    DIVIDE          shift and go to state 83
    EXPO            shift and go to state 84
    PERCENTUAL      shift and go to state 85

  ! TIMES           [ reduce using rule 47 (exp -> MINUS exp .) ]
  ! DIVIDE          [ reduce using rule 47 (exp -> MINUS exp .) ]
  ! EXPO            [ reduce using rule 47 (exp -> MINUS exp .) ]
  ! PERCENTUAL      [ reduce using rule 47 (exp -> MINUS exp .) ]
  ! PLUS            [ shift and go to state 80 ]
  ! MINUS           [ shift and go to state 81 ]
  ! CONCAT          [ shift and go to state 86 ]
  ! LT              [ shift and go to state 87 ]
  ! LTEQUALS        [ shift and go to state 88 ]
  ! GT              [ shift and go to state 89 ]
  ! GTEQUALS        [ shift and go to state 90 ]
  ! EQUALS          [ shift and go to state 91 ]
  ! DIF             [ shift and go to state 92 ]
  ! AND             [ shift and go to state 93 ]
  ! OR              [ shift and go to state 94 ]


state 98

    (48) exp -> NOT exp .
    (49) exp -> exp . PLUS exp
    (50) exp -> exp . MINUS exp
    (51) exp -> exp . TIMES exp
    (52) exp -> exp . DIVIDE exp
    (53) exp -> exp . EXPO exp
    (54) exp -> exp . PERCENTUAL exp
    (55) exp -> exp . CONCAT exp
    (56) exp -> exp . LT exp
    (57) exp -> exp . LTEQUALS exp
    (58) exp -> exp . GT exp
    (59) exp -> exp . GTEQUALS exp
    (60) exp -> exp . EQUALS exp
    (61) exp -> exp . DIF exp
    (62) exp -> exp . AND exp
    (63) exp -> exp . OR exp

    DO              reduce using rule 48 (exp -> NOT exp .)
    PLUS            reduce using rule 48 (exp -> NOT exp .)
    MINUS           reduce using rule 48 (exp -> NOT exp .)
    TIMES           reduce using rule 48 (exp -> NOT exp .)
    DIVIDE          reduce using rule 48 (exp -> NOT exp .)
    PERCENTUAL      reduce using rule 48 (exp -> NOT exp .)
    CONCAT          reduce using rule 48 (exp -> NOT exp .)
    LT              reduce using rule 48 (exp -> NOT exp .)
    LTEQUALS        reduce using rule 48 (exp -> NOT exp .)
    GT              reduce using rule 48 (exp -> NOT exp .)
    GTEQUALS        reduce using rule 48 (exp -> NOT exp .)
    EQUALS          reduce using rule 48 (exp -> NOT exp .)
    DIF             reduce using rule 48 (exp -> NOT exp .)
    AND             reduce using rule 48 (exp -> NOT exp .)
    OR              reduce using rule 48 (exp -> NOT exp .)
    THEN            reduce using rule 48 (exp -> NOT exp .)
    COMMA           reduce using rule 48 (exp -> NOT exp .)
    SEMICOLON       reduce using rule 48 (exp -> NOT exp .)
    BREAK           reduce using rule 48 (exp -> NOT exp .)
    LOCAL           reduce using rule 48 (exp -> NOT exp .)
    DUALCOLON       reduce using rule 48 (exp -> NOT exp .)
    WHILE           reduce using rule 48 (exp -> NOT exp .)
    REPEAT          reduce using rule 48 (exp -> NOT exp .)
    IF              reduce using rule 48 (exp -> NOT exp .)
    FOR             reduce using rule 48 (exp -> NOT exp .)
    RETURN          reduce using rule 48 (exp -> NOT exp .)
    NAME            reduce using rule 48 (exp -> NOT exp .)
    LPAREN          reduce using rule 48 (exp -> NOT exp .)
    FUNCTION        reduce using rule 48 (exp -> NOT exp .)
    $end            reduce using rule 48 (exp -> NOT exp .)
    END             reduce using rule 48 (exp -> NOT exp .)
    UNTIL           reduce using rule 48 (exp -> NOT exp .)
    ELSEIF          reduce using rule 48 (exp -> NOT exp .)
    ELSE            reduce using rule 48 (exp -> NOT exp .)
    RPAREN          reduce using rule 48 (exp -> NOT exp .)
    RCOLCH          reduce using rule 48 (exp -> NOT exp .)
    EXPO            shift and go to state 84

  ! EXPO            [ reduce using rule 48 (exp -> NOT exp .) ]
  ! PLUS            [ shift and go to state 80 ]
  ! MINUS           [ shift and go to state 81 ]
  ! TIMES           [ shift and go to state 82 ]
  ! DIVIDE          [ shift and go to state 83 ]
  ! PERCENTUAL      [ shift and go to state 85 ]
  ! CONCAT          [ shift and go to state 86 ]
  ! LT              [ shift and go to state 87 ]
  ! LTEQUALS        [ shift and go to state 88 ]
  ! GT              [ shift and go to state 89 ]
  ! GTEQUALS        [ shift and go to state 90 ]
  ! EQUALS          [ shift and go to state 91 ]
  ! DIF             [ shift and go to state 92 ]
  ! AND             [ shift and go to state 93 ]
  ! OR              [ shift and go to state 94 ]


state 99

    (83) struct_repeat -> REPEAT block UNTIL . exp
    (28) exp -> . prefix_exp args
    (38) exp -> . NIL
    (39) exp -> . FALSE
    (40) exp -> . TRUE
    (41) exp -> . NUMBER
    (42) exp -> . STRING
    (43) exp -> . VARARGS
    (44) exp -> . def_function
    (45) exp -> . prefix_exp
    (46) exp -> . TAG exp
    (47) exp -> . MINUS exp
    (48) exp -> . NOT exp
    (49) exp -> . exp PLUS exp
    (50) exp -> . exp MINUS exp
    (51) exp -> . exp TIMES exp
    (52) exp -> . exp DIVIDE exp
    (53) exp -> . exp EXPO exp
    (54) exp -> . exp PERCENTUAL exp
    (55) exp -> . exp CONCAT exp
    (56) exp -> . exp LT exp
    (57) exp -> . exp LTEQUALS exp
    (58) exp -> . exp GT exp
    (59) exp -> . exp GTEQUALS exp
    (60) exp -> . exp EQUALS exp
    (61) exp -> . exp DIF exp
    (62) exp -> . exp AND exp
    (63) exp -> . exp OR exp
    (29) prefix_exp -> . NAME
    (30) prefix_exp -> . LPAREN exp RPAREN
    (31) prefix_exp -> . prefix_exp sufix_exp
    (65) def_function -> . function
    (71) function -> . FUNCTION name_function body_function

    NIL             shift and go to state 47
    FALSE           shift and go to state 48
    TRUE            shift and go to state 49
    NUMBER          shift and go to state 50
    STRING          shift and go to state 51
    VARARGS         shift and go to state 52
    TAG             shift and go to state 54
    MINUS           shift and go to state 55
    NOT             shift and go to state 56
    NAME            shift and go to state 57
    LPAREN          shift and go to state 29
    FUNCTION        shift and go to state 7

    exp                            shift and go to state 130
    prefix_exp                     shift and go to state 46
    def_function                   shift and go to state 53
    function                       shift and go to state 58

state 100

    (73) if -> IF exp THEN . block elseif_list else_opt END
    (6) block -> . command
    (7) block -> . command block
    (8) command -> . list_vars ATRIB list_exps
    (9) command -> . call_function
    (10) command -> . rotulo
    (11) command -> . BREAK
    (12) command -> . DO block END
    (13) command -> . struct_while
    (14) command -> . struct_repeat
    (15) command -> . if
    (16) command -> . struct_for
    (17) command -> . struct_for_in
    (18) command -> . LOCAL list_vars ATRIB list_exps
    (19) command -> . command_ret
    (24) list_vars -> . var
    (25) list_vars -> . var COMMA list_vars
    (64) call_function -> . prefix_exp args
    (23) rotulo -> . DUALCOLON NAME DUALCOLON
    (79) struct_while -> . WHILE exp DO block END
    (83) struct_repeat -> . REPEAT block UNTIL exp
    (73) if -> . IF exp THEN block elseif_list else_opt END
    (80) struct_for -> . FOR NAME ATRIB exp COMMA exp DO block END
    (81) struct_for -> . FOR NAME ATRIB exp COMMA exp COMMA exp DO block END
    (82) struct_for_in -> . FOR list_names IN list_exps DO block END
    (20) command_ret -> . RETURN SEMICOLON
    (21) command_ret -> . RETURN list_exps
    (22) command_ret -> . RETURN list_exps SEMICOLON
    (26) var -> . NAME
    (27) var -> . prefix_exp LCOLCH exp RCOLCH
    (29) prefix_exp -> . NAME
    (30) prefix_exp -> . LPAREN exp RPAREN
    (31) prefix_exp -> . prefix_exp sufix_exp

    BREAK           shift and go to state 11
    DO              shift and go to state 12
    LOCAL           shift and go to state 18
    DUALCOLON       shift and go to state 22
    WHILE           shift and go to state 24
    REPEAT          shift and go to state 25
    IF              shift and go to state 26
    FOR             shift and go to state 27
    RETURN          shift and go to state 28
    NAME            shift and go to state 23
    LPAREN          shift and go to state 29

    block                          shift and go to state 131
    command                        shift and go to state 6
    list_vars                      shift and go to state 8
    call_function                  shift and go to state 9
    rotulo                         shift and go to state 10
    struct_while                   shift and go to state 13
    struct_repeat                  shift and go to state 14
    if                             shift and go to state 15
    struct_for                     shift and go to state 16
    struct_for_in                  shift and go to state 17
    command_ret                    shift and go to state 19
    var                            shift and go to state 20
    prefix_exp                     shift and go to state 21

state 101

    (80) struct_for -> FOR NAME ATRIB . exp COMMA exp DO block END
    (81) struct_for -> FOR NAME ATRIB . exp COMMA exp COMMA exp DO block END
    (28) exp -> . prefix_exp args
    (38) exp -> . NIL
    (39) exp -> . FALSE
    (40) exp -> . TRUE
    (41) exp -> . NUMBER
    (42) exp -> . STRING
    (43) exp -> . VARARGS
    (44) exp -> . def_function
    (45) exp -> . prefix_exp
    (46) exp -> . TAG exp
    (47) exp -> . MINUS exp
    (48) exp -> . NOT exp
    (49) exp -> . exp PLUS exp
    (50) exp -> . exp MINUS exp
    (51) exp -> . exp TIMES exp
    (52) exp -> . exp DIVIDE exp
    (53) exp -> . exp EXPO exp
    (54) exp -> . exp PERCENTUAL exp
    (55) exp -> . exp CONCAT exp
    (56) exp -> . exp LT exp
    (57) exp -> . exp LTEQUALS exp
    (58) exp -> . exp GT exp
    (59) exp -> . exp GTEQUALS exp
    (60) exp -> . exp EQUALS exp
    (61) exp -> . exp DIF exp
    (62) exp -> . exp AND exp
    (63) exp -> . exp OR exp
    (29) prefix_exp -> . NAME
    (30) prefix_exp -> . LPAREN exp RPAREN
    (31) prefix_exp -> . prefix_exp sufix_exp
    (65) def_function -> . function
    (71) function -> . FUNCTION name_function body_function

    NIL             shift and go to state 47
    FALSE           shift and go to state 48
    TRUE            shift and go to state 49
    NUMBER          shift and go to state 50
    STRING          shift and go to state 51
    VARARGS         shift and go to state 52
    TAG             shift and go to state 54
    MINUS           shift and go to state 55
    NOT             shift and go to state 56
    NAME            shift and go to state 57
    LPAREN          shift and go to state 29
    FUNCTION        shift and go to state 7

    exp                            shift and go to state 132
    prefix_exp                     shift and go to state 46
    def_function                   shift and go to state 53
    function                       shift and go to state 58

state 102

    (35) list_names -> NAME COMMA . list_names
    (34) list_names -> . NAME
    (35) list_names -> . NAME COMMA list_names

    NAME            shift and go to state 110

    list_names                     shift and go to state 133

state 103

    (82) struct_for_in -> FOR list_names IN . list_exps DO block END
    (36) list_exps -> . exp COMMA list_exps
    (37) list_exps -> . exp
    (28) exp -> . prefix_exp args
    (38) exp -> . NIL
    (39) exp -> . FALSE
    (40) exp -> . TRUE
    (41) exp -> . NUMBER
    (42) exp -> . STRING
    (43) exp -> . VARARGS
    (44) exp -> . def_function
    (45) exp -> . prefix_exp
    (46) exp -> . TAG exp
    (47) exp -> . MINUS exp
    (48) exp -> . NOT exp
    (49) exp -> . exp PLUS exp
    (50) exp -> . exp MINUS exp
    (51) exp -> . exp TIMES exp
    (52) exp -> . exp DIVIDE exp
    (53) exp -> . exp EXPO exp
    (54) exp -> . exp PERCENTUAL exp
    (55) exp -> . exp CONCAT exp
    (56) exp -> . exp LT exp
    (57) exp -> . exp LTEQUALS exp
    (58) exp -> . exp GT exp
    (59) exp -> . exp GTEQUALS exp
    (60) exp -> . exp EQUALS exp
    (61) exp -> . exp DIF exp
    (62) exp -> . exp AND exp
    (63) exp -> . exp OR exp
    (29) prefix_exp -> . NAME
    (30) prefix_exp -> . LPAREN exp RPAREN
    (31) prefix_exp -> . prefix_exp sufix_exp
    (65) def_function -> . function
    (71) function -> . FUNCTION name_function body_function

    NIL             shift and go to state 47
    FALSE           shift and go to state 48
    TRUE            shift and go to state 49
    NUMBER          shift and go to state 50
    STRING          shift and go to state 51
    VARARGS         shift and go to state 52
    TAG             shift and go to state 54
    MINUS           shift and go to state 55
    NOT             shift and go to state 56
    NAME            shift and go to state 57
    LPAREN          shift and go to state 29
    FUNCTION        shift and go to state 7

    list_exps                      shift and go to state 134
    exp                            shift and go to state 65
    prefix_exp                     shift and go to state 46
    def_function                   shift and go to state 53
    function                       shift and go to state 58

state 104

    (22) command_ret -> RETURN list_exps SEMICOLON .

    BREAK           reduce using rule 22 (command_ret -> RETURN list_exps SEMICOLON .)
    DO              reduce using rule 22 (command_ret -> RETURN list_exps SEMICOLON .)
    LOCAL           reduce using rule 22 (command_ret -> RETURN list_exps SEMICOLON .)
    DUALCOLON       reduce using rule 22 (command_ret -> RETURN list_exps SEMICOLON .)
    WHILE           reduce using rule 22 (command_ret -> RETURN list_exps SEMICOLON .)
    REPEAT          reduce using rule 22 (command_ret -> RETURN list_exps SEMICOLON .)
    IF              reduce using rule 22 (command_ret -> RETURN list_exps SEMICOLON .)
    FOR             reduce using rule 22 (command_ret -> RETURN list_exps SEMICOLON .)
    RETURN          reduce using rule 22 (command_ret -> RETURN list_exps SEMICOLON .)
    NAME            reduce using rule 22 (command_ret -> RETURN list_exps SEMICOLON .)
    LPAREN          reduce using rule 22 (command_ret -> RETURN list_exps SEMICOLON .)
    FUNCTION        reduce using rule 22 (command_ret -> RETURN list_exps SEMICOLON .)
    $end            reduce using rule 22 (command_ret -> RETURN list_exps SEMICOLON .)
    END             reduce using rule 22 (command_ret -> RETURN list_exps SEMICOLON .)
    UNTIL           reduce using rule 22 (command_ret -> RETURN list_exps SEMICOLON .)
    ELSEIF          reduce using rule 22 (command_ret -> RETURN list_exps SEMICOLON .)
    ELSE            reduce using rule 22 (command_ret -> RETURN list_exps SEMICOLON .)


state 105

    (36) list_exps -> exp COMMA . list_exps
    (36) list_exps -> . exp COMMA list_exps
    (37) list_exps -> . exp
    (28) exp -> . prefix_exp args
    (38) exp -> . NIL
    (39) exp -> . FALSE
    (40) exp -> . TRUE
    (41) exp -> . NUMBER
    (42) exp -> . STRING
    (43) exp -> . VARARGS
    (44) exp -> . def_function
    (45) exp -> . prefix_exp
    (46) exp -> . TAG exp
    (47) exp -> . MINUS exp
    (48) exp -> . NOT exp
    (49) exp -> . exp PLUS exp
    (50) exp -> . exp MINUS exp
    (51) exp -> . exp TIMES exp
    (52) exp -> . exp DIVIDE exp
    (53) exp -> . exp EXPO exp
    (54) exp -> . exp PERCENTUAL exp
    (55) exp -> . exp CONCAT exp
    (56) exp -> . exp LT exp
    (57) exp -> . exp LTEQUALS exp
    (58) exp -> . exp GT exp
    (59) exp -> . exp GTEQUALS exp
    (60) exp -> . exp EQUALS exp
    (61) exp -> . exp DIF exp
    (62) exp -> . exp AND exp
    (63) exp -> . exp OR exp
    (29) prefix_exp -> . NAME
    (30) prefix_exp -> . LPAREN exp RPAREN
    (31) prefix_exp -> . prefix_exp sufix_exp
    (65) def_function -> . function
    (71) function -> . FUNCTION name_function body_function

    NIL             shift and go to state 47
    FALSE           shift and go to state 48
    TRUE            shift and go to state 49
    NUMBER          shift and go to state 50
    STRING          shift and go to state 51
    VARARGS         shift and go to state 52
    TAG             shift and go to state 54
    MINUS           shift and go to state 55
    NOT             shift and go to state 56
    NAME            shift and go to state 57
    LPAREN          shift and go to state 29
    FUNCTION        shift and go to state 7

    exp                            shift and go to state 65
    list_exps                      shift and go to state 135
    prefix_exp                     shift and go to state 46
    def_function                   shift and go to state 53
    function                       shift and go to state 58

state 106

    (30) prefix_exp -> LPAREN exp RPAREN .

    LCOLCH          reduce using rule 30 (prefix_exp -> LPAREN exp RPAREN .)
    LPAREN          reduce using rule 30 (prefix_exp -> LPAREN exp RPAREN .)
    DOT             reduce using rule 30 (prefix_exp -> LPAREN exp RPAREN .)
    DO              reduce using rule 30 (prefix_exp -> LPAREN exp RPAREN .)
    PLUS            reduce using rule 30 (prefix_exp -> LPAREN exp RPAREN .)
    MINUS           reduce using rule 30 (prefix_exp -> LPAREN exp RPAREN .)
    TIMES           reduce using rule 30 (prefix_exp -> LPAREN exp RPAREN .)
    DIVIDE          reduce using rule 30 (prefix_exp -> LPAREN exp RPAREN .)
    EXPO            reduce using rule 30 (prefix_exp -> LPAREN exp RPAREN .)
    PERCENTUAL      reduce using rule 30 (prefix_exp -> LPAREN exp RPAREN .)
    CONCAT          reduce using rule 30 (prefix_exp -> LPAREN exp RPAREN .)
    LT              reduce using rule 30 (prefix_exp -> LPAREN exp RPAREN .)
    LTEQUALS        reduce using rule 30 (prefix_exp -> LPAREN exp RPAREN .)
    GT              reduce using rule 30 (prefix_exp -> LPAREN exp RPAREN .)
    GTEQUALS        reduce using rule 30 (prefix_exp -> LPAREN exp RPAREN .)
    EQUALS          reduce using rule 30 (prefix_exp -> LPAREN exp RPAREN .)
    DIF             reduce using rule 30 (prefix_exp -> LPAREN exp RPAREN .)
    AND             reduce using rule 30 (prefix_exp -> LPAREN exp RPAREN .)
    OR              reduce using rule 30 (prefix_exp -> LPAREN exp RPAREN .)
    THEN            reduce using rule 30 (prefix_exp -> LPAREN exp RPAREN .)
    COMMA           reduce using rule 30 (prefix_exp -> LPAREN exp RPAREN .)
    SEMICOLON       reduce using rule 30 (prefix_exp -> LPAREN exp RPAREN .)
    BREAK           reduce using rule 30 (prefix_exp -> LPAREN exp RPAREN .)
    LOCAL           reduce using rule 30 (prefix_exp -> LPAREN exp RPAREN .)
    DUALCOLON       reduce using rule 30 (prefix_exp -> LPAREN exp RPAREN .)
    WHILE           reduce using rule 30 (prefix_exp -> LPAREN exp RPAREN .)
    REPEAT          reduce using rule 30 (prefix_exp -> LPAREN exp RPAREN .)
    IF              reduce using rule 30 (prefix_exp -> LPAREN exp RPAREN .)
    FOR             reduce using rule 30 (prefix_exp -> LPAREN exp RPAREN .)
    RETURN          reduce using rule 30 (prefix_exp -> LPAREN exp RPAREN .)
    NAME            reduce using rule 30 (prefix_exp -> LPAREN exp RPAREN .)
    FUNCTION        reduce using rule 30 (prefix_exp -> LPAREN exp RPAREN .)
    $end            reduce using rule 30 (prefix_exp -> LPAREN exp RPAREN .)
    END             reduce using rule 30 (prefix_exp -> LPAREN exp RPAREN .)
    UNTIL           reduce using rule 30 (prefix_exp -> LPAREN exp RPAREN .)
    ELSEIF          reduce using rule 30 (prefix_exp -> LPAREN exp RPAREN .)
    ELSE            reduce using rule 30 (prefix_exp -> LPAREN exp RPAREN .)
    RPAREN          reduce using rule 30 (prefix_exp -> LPAREN exp RPAREN .)
    RCOLCH          reduce using rule 30 (prefix_exp -> LPAREN exp RPAREN .)


state 107

    (67) body_function -> LPAREN list_pars . RPAREN block END

    RPAREN          shift and go to state 136


state 108

    (68) list_pars -> list_names .
    (69) list_pars -> list_names . COMMA VARARGS

    RPAREN          reduce using rule 68 (list_pars -> list_names .)
    COMMA           shift and go to state 137


state 109

    (70) list_pars -> VARARGS .

    RPAREN          reduce using rule 70 (list_pars -> VARARGS .)


state 110

    (34) list_names -> NAME .
    (35) list_names -> NAME . COMMA list_names

  ! shift/reduce conflict for COMMA resolved as shift
    RPAREN          reduce using rule 34 (list_names -> NAME .)
    IN              reduce using rule 34 (list_names -> NAME .)
    COMMA           shift and go to state 102

  ! COMMA           [ reduce using rule 34 (list_names -> NAME .) ]


state 111

    (18) command -> LOCAL list_vars ATRIB list_exps .

    BREAK           reduce using rule 18 (command -> LOCAL list_vars ATRIB list_exps .)
    DO              reduce using rule 18 (command -> LOCAL list_vars ATRIB list_exps .)
    LOCAL           reduce using rule 18 (command -> LOCAL list_vars ATRIB list_exps .)
    DUALCOLON       reduce using rule 18 (command -> LOCAL list_vars ATRIB list_exps .)
    WHILE           reduce using rule 18 (command -> LOCAL list_vars ATRIB list_exps .)
    REPEAT          reduce using rule 18 (command -> LOCAL list_vars ATRIB list_exps .)
    IF              reduce using rule 18 (command -> LOCAL list_vars ATRIB list_exps .)
    FOR             reduce using rule 18 (command -> LOCAL list_vars ATRIB list_exps .)
    RETURN          reduce using rule 18 (command -> LOCAL list_vars ATRIB list_exps .)
    NAME            reduce using rule 18 (command -> LOCAL list_vars ATRIB list_exps .)
    LPAREN          reduce using rule 18 (command -> LOCAL list_vars ATRIB list_exps .)
    FUNCTION        reduce using rule 18 (command -> LOCAL list_vars ATRIB list_exps .)
    $end            reduce using rule 18 (command -> LOCAL list_vars ATRIB list_exps .)
    END             reduce using rule 18 (command -> LOCAL list_vars ATRIB list_exps .)
    UNTIL           reduce using rule 18 (command -> LOCAL list_vars ATRIB list_exps .)
    ELSEIF          reduce using rule 18 (command -> LOCAL list_vars ATRIB list_exps .)
    ELSE            reduce using rule 18 (command -> LOCAL list_vars ATRIB list_exps .)


state 112

    (27) var -> prefix_exp LCOLCH exp RCOLCH .

    COMMA           reduce using rule 27 (var -> prefix_exp LCOLCH exp RCOLCH .)
    ATRIB           reduce using rule 27 (var -> prefix_exp LCOLCH exp RCOLCH .)


state 113

    (66) args -> LPAREN list_exps RPAREN .

    BREAK           reduce using rule 66 (args -> LPAREN list_exps RPAREN .)
    DO              reduce using rule 66 (args -> LPAREN list_exps RPAREN .)
    LOCAL           reduce using rule 66 (args -> LPAREN list_exps RPAREN .)
    DUALCOLON       reduce using rule 66 (args -> LPAREN list_exps RPAREN .)
    WHILE           reduce using rule 66 (args -> LPAREN list_exps RPAREN .)
    REPEAT          reduce using rule 66 (args -> LPAREN list_exps RPAREN .)
    IF              reduce using rule 66 (args -> LPAREN list_exps RPAREN .)
    FOR             reduce using rule 66 (args -> LPAREN list_exps RPAREN .)
    RETURN          reduce using rule 66 (args -> LPAREN list_exps RPAREN .)
    NAME            reduce using rule 66 (args -> LPAREN list_exps RPAREN .)
    LPAREN          reduce using rule 66 (args -> LPAREN list_exps RPAREN .)
    FUNCTION        reduce using rule 66 (args -> LPAREN list_exps RPAREN .)
    $end            reduce using rule 66 (args -> LPAREN list_exps RPAREN .)
    END             reduce using rule 66 (args -> LPAREN list_exps RPAREN .)
    UNTIL           reduce using rule 66 (args -> LPAREN list_exps RPAREN .)
    ELSEIF          reduce using rule 66 (args -> LPAREN list_exps RPAREN .)
    ELSE            reduce using rule 66 (args -> LPAREN list_exps RPAREN .)
    PLUS            reduce using rule 66 (args -> LPAREN list_exps RPAREN .)
    MINUS           reduce using rule 66 (args -> LPAREN list_exps RPAREN .)
    TIMES           reduce using rule 66 (args -> LPAREN list_exps RPAREN .)
    DIVIDE          reduce using rule 66 (args -> LPAREN list_exps RPAREN .)
    EXPO            reduce using rule 66 (args -> LPAREN list_exps RPAREN .)
    PERCENTUAL      reduce using rule 66 (args -> LPAREN list_exps RPAREN .)
    CONCAT          reduce using rule 66 (args -> LPAREN list_exps RPAREN .)
    LT              reduce using rule 66 (args -> LPAREN list_exps RPAREN .)
    LTEQUALS        reduce using rule 66 (args -> LPAREN list_exps RPAREN .)
    GT              reduce using rule 66 (args -> LPAREN list_exps RPAREN .)
    GTEQUALS        reduce using rule 66 (args -> LPAREN list_exps RPAREN .)
    EQUALS          reduce using rule 66 (args -> LPAREN list_exps RPAREN .)
    DIF             reduce using rule 66 (args -> LPAREN list_exps RPAREN .)
    AND             reduce using rule 66 (args -> LPAREN list_exps RPAREN .)
    OR              reduce using rule 66 (args -> LPAREN list_exps RPAREN .)
    THEN            reduce using rule 66 (args -> LPAREN list_exps RPAREN .)
    COMMA           reduce using rule 66 (args -> LPAREN list_exps RPAREN .)
    SEMICOLON       reduce using rule 66 (args -> LPAREN list_exps RPAREN .)
    RPAREN          reduce using rule 66 (args -> LPAREN list_exps RPAREN .)
    RCOLCH          reduce using rule 66 (args -> LPAREN list_exps RPAREN .)
    LCOLCH          reduce using rule 66 (args -> LPAREN list_exps RPAREN .)
    DOT             reduce using rule 66 (args -> LPAREN list_exps RPAREN .)


state 114

    (79) struct_while -> WHILE exp DO block . END

    END             shift and go to state 138


state 115

    (49) exp -> exp PLUS exp .
    (49) exp -> exp . PLUS exp
    (50) exp -> exp . MINUS exp
    (51) exp -> exp . TIMES exp
    (52) exp -> exp . DIVIDE exp
    (53) exp -> exp . EXPO exp
    (54) exp -> exp . PERCENTUAL exp
    (55) exp -> exp . CONCAT exp
    (56) exp -> exp . LT exp
    (57) exp -> exp . LTEQUALS exp
    (58) exp -> exp . GT exp
    (59) exp -> exp . GTEQUALS exp
    (60) exp -> exp . EQUALS exp
    (61) exp -> exp . DIF exp
    (62) exp -> exp . AND exp
    (63) exp -> exp . OR exp

    DO              reduce using rule 49 (exp -> exp PLUS exp .)
    PLUS            reduce using rule 49 (exp -> exp PLUS exp .)
    MINUS           reduce using rule 49 (exp -> exp PLUS exp .)
    CONCAT          reduce using rule 49 (exp -> exp PLUS exp .)
    LT              reduce using rule 49 (exp -> exp PLUS exp .)
    LTEQUALS        reduce using rule 49 (exp -> exp PLUS exp .)
    GT              reduce using rule 49 (exp -> exp PLUS exp .)
    GTEQUALS        reduce using rule 49 (exp -> exp PLUS exp .)
    EQUALS          reduce using rule 49 (exp -> exp PLUS exp .)
    DIF             reduce using rule 49 (exp -> exp PLUS exp .)
    AND             reduce using rule 49 (exp -> exp PLUS exp .)
    OR              reduce using rule 49 (exp -> exp PLUS exp .)
    THEN            reduce using rule 49 (exp -> exp PLUS exp .)
    COMMA           reduce using rule 49 (exp -> exp PLUS exp .)
    SEMICOLON       reduce using rule 49 (exp -> exp PLUS exp .)
    BREAK           reduce using rule 49 (exp -> exp PLUS exp .)
    LOCAL           reduce using rule 49 (exp -> exp PLUS exp .)
    DUALCOLON       reduce using rule 49 (exp -> exp PLUS exp .)
    WHILE           reduce using rule 49 (exp -> exp PLUS exp .)
    REPEAT          reduce using rule 49 (exp -> exp PLUS exp .)
    IF              reduce using rule 49 (exp -> exp PLUS exp .)
    FOR             reduce using rule 49 (exp -> exp PLUS exp .)
    RETURN          reduce using rule 49 (exp -> exp PLUS exp .)
    NAME            reduce using rule 49 (exp -> exp PLUS exp .)
    LPAREN          reduce using rule 49 (exp -> exp PLUS exp .)
    FUNCTION        reduce using rule 49 (exp -> exp PLUS exp .)
    $end            reduce using rule 49 (exp -> exp PLUS exp .)
    END             reduce using rule 49 (exp -> exp PLUS exp .)
    UNTIL           reduce using rule 49 (exp -> exp PLUS exp .)
    ELSEIF          reduce using rule 49 (exp -> exp PLUS exp .)
    ELSE            reduce using rule 49 (exp -> exp PLUS exp .)
    RPAREN          reduce using rule 49 (exp -> exp PLUS exp .)
    RCOLCH          reduce using rule 49 (exp -> exp PLUS exp .)
    TIMES           shift and go to state 82
    DIVIDE          shift and go to state 83
    EXPO            shift and go to state 84
    PERCENTUAL      shift and go to state 85

  ! TIMES           [ reduce using rule 49 (exp -> exp PLUS exp .) ]
  ! DIVIDE          [ reduce using rule 49 (exp -> exp PLUS exp .) ]
  ! EXPO            [ reduce using rule 49 (exp -> exp PLUS exp .) ]
  ! PERCENTUAL      [ reduce using rule 49 (exp -> exp PLUS exp .) ]
  ! PLUS            [ shift and go to state 80 ]
  ! MINUS           [ shift and go to state 81 ]
  ! CONCAT          [ shift and go to state 86 ]
  ! LT              [ shift and go to state 87 ]
  ! LTEQUALS        [ shift and go to state 88 ]
  ! GT              [ shift and go to state 89 ]
  ! GTEQUALS        [ shift and go to state 90 ]
  ! EQUALS          [ shift and go to state 91 ]
  ! DIF             [ shift and go to state 92 ]
  ! AND             [ shift and go to state 93 ]
  ! OR              [ shift and go to state 94 ]


state 116

    (50) exp -> exp MINUS exp .
    (49) exp -> exp . PLUS exp
    (50) exp -> exp . MINUS exp
    (51) exp -> exp . TIMES exp
    (52) exp -> exp . DIVIDE exp
    (53) exp -> exp . EXPO exp
    (54) exp -> exp . PERCENTUAL exp
    (55) exp -> exp . CONCAT exp
    (56) exp -> exp . LT exp
    (57) exp -> exp . LTEQUALS exp
    (58) exp -> exp . GT exp
    (59) exp -> exp . GTEQUALS exp
    (60) exp -> exp . EQUALS exp
    (61) exp -> exp . DIF exp
    (62) exp -> exp . AND exp
    (63) exp -> exp . OR exp

    DO              reduce using rule 50 (exp -> exp MINUS exp .)
    PLUS            reduce using rule 50 (exp -> exp MINUS exp .)
    MINUS           reduce using rule 50 (exp -> exp MINUS exp .)
    CONCAT          reduce using rule 50 (exp -> exp MINUS exp .)
    LT              reduce using rule 50 (exp -> exp MINUS exp .)
    LTEQUALS        reduce using rule 50 (exp -> exp MINUS exp .)
    GT              reduce using rule 50 (exp -> exp MINUS exp .)
    GTEQUALS        reduce using rule 50 (exp -> exp MINUS exp .)
    EQUALS          reduce using rule 50 (exp -> exp MINUS exp .)
    DIF             reduce using rule 50 (exp -> exp MINUS exp .)
    AND             reduce using rule 50 (exp -> exp MINUS exp .)
    OR              reduce using rule 50 (exp -> exp MINUS exp .)
    THEN            reduce using rule 50 (exp -> exp MINUS exp .)
    COMMA           reduce using rule 50 (exp -> exp MINUS exp .)
    SEMICOLON       reduce using rule 50 (exp -> exp MINUS exp .)
    BREAK           reduce using rule 50 (exp -> exp MINUS exp .)
    LOCAL           reduce using rule 50 (exp -> exp MINUS exp .)
    DUALCOLON       reduce using rule 50 (exp -> exp MINUS exp .)
    WHILE           reduce using rule 50 (exp -> exp MINUS exp .)
    REPEAT          reduce using rule 50 (exp -> exp MINUS exp .)
    IF              reduce using rule 50 (exp -> exp MINUS exp .)
    FOR             reduce using rule 50 (exp -> exp MINUS exp .)
    RETURN          reduce using rule 50 (exp -> exp MINUS exp .)
    NAME            reduce using rule 50 (exp -> exp MINUS exp .)
    LPAREN          reduce using rule 50 (exp -> exp MINUS exp .)
    FUNCTION        reduce using rule 50 (exp -> exp MINUS exp .)
    $end            reduce using rule 50 (exp -> exp MINUS exp .)
    END             reduce using rule 50 (exp -> exp MINUS exp .)
    UNTIL           reduce using rule 50 (exp -> exp MINUS exp .)
    ELSEIF          reduce using rule 50 (exp -> exp MINUS exp .)
    ELSE            reduce using rule 50 (exp -> exp MINUS exp .)
    RPAREN          reduce using rule 50 (exp -> exp MINUS exp .)
    RCOLCH          reduce using rule 50 (exp -> exp MINUS exp .)
    TIMES           shift and go to state 82
    DIVIDE          shift and go to state 83
    EXPO            shift and go to state 84
    PERCENTUAL      shift and go to state 85

  ! TIMES           [ reduce using rule 50 (exp -> exp MINUS exp .) ]
  ! DIVIDE          [ reduce using rule 50 (exp -> exp MINUS exp .) ]
  ! EXPO            [ reduce using rule 50 (exp -> exp MINUS exp .) ]
  ! PERCENTUAL      [ reduce using rule 50 (exp -> exp MINUS exp .) ]
  ! PLUS            [ shift and go to state 80 ]
  ! MINUS           [ shift and go to state 81 ]
  ! CONCAT          [ shift and go to state 86 ]
  ! LT              [ shift and go to state 87 ]
  ! LTEQUALS        [ shift and go to state 88 ]
  ! GT              [ shift and go to state 89 ]
  ! GTEQUALS        [ shift and go to state 90 ]
  ! EQUALS          [ shift and go to state 91 ]
  ! DIF             [ shift and go to state 92 ]
  ! AND             [ shift and go to state 93 ]
  ! OR              [ shift and go to state 94 ]


state 117

    (51) exp -> exp TIMES exp .
    (49) exp -> exp . PLUS exp
    (50) exp -> exp . MINUS exp
    (51) exp -> exp . TIMES exp
    (52) exp -> exp . DIVIDE exp
    (53) exp -> exp . EXPO exp
    (54) exp -> exp . PERCENTUAL exp
    (55) exp -> exp . CONCAT exp
    (56) exp -> exp . LT exp
    (57) exp -> exp . LTEQUALS exp
    (58) exp -> exp . GT exp
    (59) exp -> exp . GTEQUALS exp
    (60) exp -> exp . EQUALS exp
    (61) exp -> exp . DIF exp
    (62) exp -> exp . AND exp
    (63) exp -> exp . OR exp

    DO              reduce using rule 51 (exp -> exp TIMES exp .)
    PLUS            reduce using rule 51 (exp -> exp TIMES exp .)
    MINUS           reduce using rule 51 (exp -> exp TIMES exp .)
    TIMES           reduce using rule 51 (exp -> exp TIMES exp .)
    DIVIDE          reduce using rule 51 (exp -> exp TIMES exp .)
    PERCENTUAL      reduce using rule 51 (exp -> exp TIMES exp .)
    CONCAT          reduce using rule 51 (exp -> exp TIMES exp .)
    LT              reduce using rule 51 (exp -> exp TIMES exp .)
    LTEQUALS        reduce using rule 51 (exp -> exp TIMES exp .)
    GT              reduce using rule 51 (exp -> exp TIMES exp .)
    GTEQUALS        reduce using rule 51 (exp -> exp TIMES exp .)
    EQUALS          reduce using rule 51 (exp -> exp TIMES exp .)
    DIF             reduce using rule 51 (exp -> exp TIMES exp .)
    AND             reduce using rule 51 (exp -> exp TIMES exp .)
    OR              reduce using rule 51 (exp -> exp TIMES exp .)
    THEN            reduce using rule 51 (exp -> exp TIMES exp .)
    COMMA           reduce using rule 51 (exp -> exp TIMES exp .)
    SEMICOLON       reduce using rule 51 (exp -> exp TIMES exp .)
    BREAK           reduce using rule 51 (exp -> exp TIMES exp .)
    LOCAL           reduce using rule 51 (exp -> exp TIMES exp .)
    DUALCOLON       reduce using rule 51 (exp -> exp TIMES exp .)
    WHILE           reduce using rule 51 (exp -> exp TIMES exp .)
    REPEAT          reduce using rule 51 (exp -> exp TIMES exp .)
    IF              reduce using rule 51 (exp -> exp TIMES exp .)
    FOR             reduce using rule 51 (exp -> exp TIMES exp .)
    RETURN          reduce using rule 51 (exp -> exp TIMES exp .)
    NAME            reduce using rule 51 (exp -> exp TIMES exp .)
    LPAREN          reduce using rule 51 (exp -> exp TIMES exp .)
    FUNCTION        reduce using rule 51 (exp -> exp TIMES exp .)
    $end            reduce using rule 51 (exp -> exp TIMES exp .)
    END             reduce using rule 51 (exp -> exp TIMES exp .)
    UNTIL           reduce using rule 51 (exp -> exp TIMES exp .)
    ELSEIF          reduce using rule 51 (exp -> exp TIMES exp .)
    ELSE            reduce using rule 51 (exp -> exp TIMES exp .)
    RPAREN          reduce using rule 51 (exp -> exp TIMES exp .)
    RCOLCH          reduce using rule 51 (exp -> exp TIMES exp .)
    EXPO            shift and go to state 84

  ! EXPO            [ reduce using rule 51 (exp -> exp TIMES exp .) ]
  ! PLUS            [ shift and go to state 80 ]
  ! MINUS           [ shift and go to state 81 ]
  ! TIMES           [ shift and go to state 82 ]
  ! DIVIDE          [ shift and go to state 83 ]
  ! PERCENTUAL      [ shift and go to state 85 ]
  ! CONCAT          [ shift and go to state 86 ]
  ! LT              [ shift and go to state 87 ]
  ! LTEQUALS        [ shift and go to state 88 ]
  ! GT              [ shift and go to state 89 ]
  ! GTEQUALS        [ shift and go to state 90 ]
  ! EQUALS          [ shift and go to state 91 ]
  ! DIF             [ shift and go to state 92 ]
  ! AND             [ shift and go to state 93 ]
  ! OR              [ shift and go to state 94 ]


state 118

    (52) exp -> exp DIVIDE exp .
    (49) exp -> exp . PLUS exp
    (50) exp -> exp . MINUS exp
    (51) exp -> exp . TIMES exp
    (52) exp -> exp . DIVIDE exp
    (53) exp -> exp . EXPO exp
    (54) exp -> exp . PERCENTUAL exp
    (55) exp -> exp . CONCAT exp
    (56) exp -> exp . LT exp
    (57) exp -> exp . LTEQUALS exp
    (58) exp -> exp . GT exp
    (59) exp -> exp . GTEQUALS exp
    (60) exp -> exp . EQUALS exp
    (61) exp -> exp . DIF exp
    (62) exp -> exp . AND exp
    (63) exp -> exp . OR exp

    DO              reduce using rule 52 (exp -> exp DIVIDE exp .)
    PLUS            reduce using rule 52 (exp -> exp DIVIDE exp .)
    MINUS           reduce using rule 52 (exp -> exp DIVIDE exp .)
    TIMES           reduce using rule 52 (exp -> exp DIVIDE exp .)
    DIVIDE          reduce using rule 52 (exp -> exp DIVIDE exp .)
    PERCENTUAL      reduce using rule 52 (exp -> exp DIVIDE exp .)
    CONCAT          reduce using rule 52 (exp -> exp DIVIDE exp .)
    LT              reduce using rule 52 (exp -> exp DIVIDE exp .)
    LTEQUALS        reduce using rule 52 (exp -> exp DIVIDE exp .)
    GT              reduce using rule 52 (exp -> exp DIVIDE exp .)
    GTEQUALS        reduce using rule 52 (exp -> exp DIVIDE exp .)
    EQUALS          reduce using rule 52 (exp -> exp DIVIDE exp .)
    DIF             reduce using rule 52 (exp -> exp DIVIDE exp .)
    AND             reduce using rule 52 (exp -> exp DIVIDE exp .)
    OR              reduce using rule 52 (exp -> exp DIVIDE exp .)
    THEN            reduce using rule 52 (exp -> exp DIVIDE exp .)
    COMMA           reduce using rule 52 (exp -> exp DIVIDE exp .)
    SEMICOLON       reduce using rule 52 (exp -> exp DIVIDE exp .)
    BREAK           reduce using rule 52 (exp -> exp DIVIDE exp .)
    LOCAL           reduce using rule 52 (exp -> exp DIVIDE exp .)
    DUALCOLON       reduce using rule 52 (exp -> exp DIVIDE exp .)
    WHILE           reduce using rule 52 (exp -> exp DIVIDE exp .)
    REPEAT          reduce using rule 52 (exp -> exp DIVIDE exp .)
    IF              reduce using rule 52 (exp -> exp DIVIDE exp .)
    FOR             reduce using rule 52 (exp -> exp DIVIDE exp .)
    RETURN          reduce using rule 52 (exp -> exp DIVIDE exp .)
    NAME            reduce using rule 52 (exp -> exp DIVIDE exp .)
    LPAREN          reduce using rule 52 (exp -> exp DIVIDE exp .)
    FUNCTION        reduce using rule 52 (exp -> exp DIVIDE exp .)
    $end            reduce using rule 52 (exp -> exp DIVIDE exp .)
    END             reduce using rule 52 (exp -> exp DIVIDE exp .)
    UNTIL           reduce using rule 52 (exp -> exp DIVIDE exp .)
    ELSEIF          reduce using rule 52 (exp -> exp DIVIDE exp .)
    ELSE            reduce using rule 52 (exp -> exp DIVIDE exp .)
    RPAREN          reduce using rule 52 (exp -> exp DIVIDE exp .)
    RCOLCH          reduce using rule 52 (exp -> exp DIVIDE exp .)
    EXPO            shift and go to state 84

  ! EXPO            [ reduce using rule 52 (exp -> exp DIVIDE exp .) ]
  ! PLUS            [ shift and go to state 80 ]
  ! MINUS           [ shift and go to state 81 ]
  ! TIMES           [ shift and go to state 82 ]
  ! DIVIDE          [ shift and go to state 83 ]
  ! PERCENTUAL      [ shift and go to state 85 ]
  ! CONCAT          [ shift and go to state 86 ]
  ! LT              [ shift and go to state 87 ]
  ! LTEQUALS        [ shift and go to state 88 ]
  ! GT              [ shift and go to state 89 ]
  ! GTEQUALS        [ shift and go to state 90 ]
  ! EQUALS          [ shift and go to state 91 ]
  ! DIF             [ shift and go to state 92 ]
  ! AND             [ shift and go to state 93 ]
  ! OR              [ shift and go to state 94 ]


state 119

    (53) exp -> exp EXPO exp .
    (49) exp -> exp . PLUS exp
    (50) exp -> exp . MINUS exp
    (51) exp -> exp . TIMES exp
    (52) exp -> exp . DIVIDE exp
    (53) exp -> exp . EXPO exp
    (54) exp -> exp . PERCENTUAL exp
    (55) exp -> exp . CONCAT exp
    (56) exp -> exp . LT exp
    (57) exp -> exp . LTEQUALS exp
    (58) exp -> exp . GT exp
    (59) exp -> exp . GTEQUALS exp
    (60) exp -> exp . EQUALS exp
    (61) exp -> exp . DIF exp
    (62) exp -> exp . AND exp
    (63) exp -> exp . OR exp

    DO              reduce using rule 53 (exp -> exp EXPO exp .)
    PLUS            reduce using rule 53 (exp -> exp EXPO exp .)
    MINUS           reduce using rule 53 (exp -> exp EXPO exp .)
    TIMES           reduce using rule 53 (exp -> exp EXPO exp .)
    DIVIDE          reduce using rule 53 (exp -> exp EXPO exp .)
    EXPO            reduce using rule 53 (exp -> exp EXPO exp .)
    PERCENTUAL      reduce using rule 53 (exp -> exp EXPO exp .)
    CONCAT          reduce using rule 53 (exp -> exp EXPO exp .)
    LT              reduce using rule 53 (exp -> exp EXPO exp .)
    LTEQUALS        reduce using rule 53 (exp -> exp EXPO exp .)
    GT              reduce using rule 53 (exp -> exp EXPO exp .)
    GTEQUALS        reduce using rule 53 (exp -> exp EXPO exp .)
    EQUALS          reduce using rule 53 (exp -> exp EXPO exp .)
    DIF             reduce using rule 53 (exp -> exp EXPO exp .)
    AND             reduce using rule 53 (exp -> exp EXPO exp .)
    OR              reduce using rule 53 (exp -> exp EXPO exp .)
    THEN            reduce using rule 53 (exp -> exp EXPO exp .)
    COMMA           reduce using rule 53 (exp -> exp EXPO exp .)
    SEMICOLON       reduce using rule 53 (exp -> exp EXPO exp .)
    BREAK           reduce using rule 53 (exp -> exp EXPO exp .)
    LOCAL           reduce using rule 53 (exp -> exp EXPO exp .)
    DUALCOLON       reduce using rule 53 (exp -> exp EXPO exp .)
    WHILE           reduce using rule 53 (exp -> exp EXPO exp .)
    REPEAT          reduce using rule 53 (exp -> exp EXPO exp .)
    IF              reduce using rule 53 (exp -> exp EXPO exp .)
    FOR             reduce using rule 53 (exp -> exp EXPO exp .)
    RETURN          reduce using rule 53 (exp -> exp EXPO exp .)
    NAME            reduce using rule 53 (exp -> exp EXPO exp .)
    LPAREN          reduce using rule 53 (exp -> exp EXPO exp .)
    FUNCTION        reduce using rule 53 (exp -> exp EXPO exp .)
    $end            reduce using rule 53 (exp -> exp EXPO exp .)
    END             reduce using rule 53 (exp -> exp EXPO exp .)
    UNTIL           reduce using rule 53 (exp -> exp EXPO exp .)
    ELSEIF          reduce using rule 53 (exp -> exp EXPO exp .)
    ELSE            reduce using rule 53 (exp -> exp EXPO exp .)
    RPAREN          reduce using rule 53 (exp -> exp EXPO exp .)
    RCOLCH          reduce using rule 53 (exp -> exp EXPO exp .)

  ! PLUS            [ shift and go to state 80 ]
  ! MINUS           [ shift and go to state 81 ]
  ! TIMES           [ shift and go to state 82 ]
  ! DIVIDE          [ shift and go to state 83 ]
  ! EXPO            [ shift and go to state 84 ]
  ! PERCENTUAL      [ shift and go to state 85 ]
  ! CONCAT          [ shift and go to state 86 ]
  ! LT              [ shift and go to state 87 ]
  ! LTEQUALS        [ shift and go to state 88 ]
  ! GT              [ shift and go to state 89 ]
  ! GTEQUALS        [ shift and go to state 90 ]
  ! EQUALS          [ shift and go to state 91 ]
  ! DIF             [ shift and go to state 92 ]
  ! AND             [ shift and go to state 93 ]
  ! OR              [ shift and go to state 94 ]


state 120

    (54) exp -> exp PERCENTUAL exp .
    (49) exp -> exp . PLUS exp
    (50) exp -> exp . MINUS exp
    (51) exp -> exp . TIMES exp
    (52) exp -> exp . DIVIDE exp
    (53) exp -> exp . EXPO exp
    (54) exp -> exp . PERCENTUAL exp
    (55) exp -> exp . CONCAT exp
    (56) exp -> exp . LT exp
    (57) exp -> exp . LTEQUALS exp
    (58) exp -> exp . GT exp
    (59) exp -> exp . GTEQUALS exp
    (60) exp -> exp . EQUALS exp
    (61) exp -> exp . DIF exp
    (62) exp -> exp . AND exp
    (63) exp -> exp . OR exp

    DO              reduce using rule 54 (exp -> exp PERCENTUAL exp .)
    PLUS            reduce using rule 54 (exp -> exp PERCENTUAL exp .)
    MINUS           reduce using rule 54 (exp -> exp PERCENTUAL exp .)
    TIMES           reduce using rule 54 (exp -> exp PERCENTUAL exp .)
    DIVIDE          reduce using rule 54 (exp -> exp PERCENTUAL exp .)
    PERCENTUAL      reduce using rule 54 (exp -> exp PERCENTUAL exp .)
    CONCAT          reduce using rule 54 (exp -> exp PERCENTUAL exp .)
    LT              reduce using rule 54 (exp -> exp PERCENTUAL exp .)
    LTEQUALS        reduce using rule 54 (exp -> exp PERCENTUAL exp .)
    GT              reduce using rule 54 (exp -> exp PERCENTUAL exp .)
    GTEQUALS        reduce using rule 54 (exp -> exp PERCENTUAL exp .)
    EQUALS          reduce using rule 54 (exp -> exp PERCENTUAL exp .)
    DIF             reduce using rule 54 (exp -> exp PERCENTUAL exp .)
    AND             reduce using rule 54 (exp -> exp PERCENTUAL exp .)
    OR              reduce using rule 54 (exp -> exp PERCENTUAL exp .)
    THEN            reduce using rule 54 (exp -> exp PERCENTUAL exp .)
    COMMA           reduce using rule 54 (exp -> exp PERCENTUAL exp .)
    SEMICOLON       reduce using rule 54 (exp -> exp PERCENTUAL exp .)
    BREAK           reduce using rule 54 (exp -> exp PERCENTUAL exp .)
    LOCAL           reduce using rule 54 (exp -> exp PERCENTUAL exp .)
    DUALCOLON       reduce using rule 54 (exp -> exp PERCENTUAL exp .)
    WHILE           reduce using rule 54 (exp -> exp PERCENTUAL exp .)
    REPEAT          reduce using rule 54 (exp -> exp PERCENTUAL exp .)
    IF              reduce using rule 54 (exp -> exp PERCENTUAL exp .)
    FOR             reduce using rule 54 (exp -> exp PERCENTUAL exp .)
    RETURN          reduce using rule 54 (exp -> exp PERCENTUAL exp .)
    NAME            reduce using rule 54 (exp -> exp PERCENTUAL exp .)
    LPAREN          reduce using rule 54 (exp -> exp PERCENTUAL exp .)
    FUNCTION        reduce using rule 54 (exp -> exp PERCENTUAL exp .)
    $end            reduce using rule 54 (exp -> exp PERCENTUAL exp .)
    END             reduce using rule 54 (exp -> exp PERCENTUAL exp .)
    UNTIL           reduce using rule 54 (exp -> exp PERCENTUAL exp .)
    ELSEIF          reduce using rule 54 (exp -> exp PERCENTUAL exp .)
    ELSE            reduce using rule 54 (exp -> exp PERCENTUAL exp .)
    RPAREN          reduce using rule 54 (exp -> exp PERCENTUAL exp .)
    RCOLCH          reduce using rule 54 (exp -> exp PERCENTUAL exp .)
    EXPO            shift and go to state 84

  ! EXPO            [ reduce using rule 54 (exp -> exp PERCENTUAL exp .) ]
  ! PLUS            [ shift and go to state 80 ]
  ! MINUS           [ shift and go to state 81 ]
  ! TIMES           [ shift and go to state 82 ]
  ! DIVIDE          [ shift and go to state 83 ]
  ! PERCENTUAL      [ shift and go to state 85 ]
  ! CONCAT          [ shift and go to state 86 ]
  ! LT              [ shift and go to state 87 ]
  ! LTEQUALS        [ shift and go to state 88 ]
  ! GT              [ shift and go to state 89 ]
  ! GTEQUALS        [ shift and go to state 90 ]
  ! EQUALS          [ shift and go to state 91 ]
  ! DIF             [ shift and go to state 92 ]
  ! AND             [ shift and go to state 93 ]
  ! OR              [ shift and go to state 94 ]


state 121

    (55) exp -> exp CONCAT exp .
    (49) exp -> exp . PLUS exp
    (50) exp -> exp . MINUS exp
    (51) exp -> exp . TIMES exp
    (52) exp -> exp . DIVIDE exp
    (53) exp -> exp . EXPO exp
    (54) exp -> exp . PERCENTUAL exp
    (55) exp -> exp . CONCAT exp
    (56) exp -> exp . LT exp
    (57) exp -> exp . LTEQUALS exp
    (58) exp -> exp . GT exp
    (59) exp -> exp . GTEQUALS exp
    (60) exp -> exp . EQUALS exp
    (61) exp -> exp . DIF exp
    (62) exp -> exp . AND exp
    (63) exp -> exp . OR exp

    DO              reduce using rule 55 (exp -> exp CONCAT exp .)
    CONCAT          reduce using rule 55 (exp -> exp CONCAT exp .)
    LT              reduce using rule 55 (exp -> exp CONCAT exp .)
    LTEQUALS        reduce using rule 55 (exp -> exp CONCAT exp .)
    GT              reduce using rule 55 (exp -> exp CONCAT exp .)
    GTEQUALS        reduce using rule 55 (exp -> exp CONCAT exp .)
    EQUALS          reduce using rule 55 (exp -> exp CONCAT exp .)
    DIF             reduce using rule 55 (exp -> exp CONCAT exp .)
    AND             reduce using rule 55 (exp -> exp CONCAT exp .)
    OR              reduce using rule 55 (exp -> exp CONCAT exp .)
    THEN            reduce using rule 55 (exp -> exp CONCAT exp .)
    COMMA           reduce using rule 55 (exp -> exp CONCAT exp .)
    SEMICOLON       reduce using rule 55 (exp -> exp CONCAT exp .)
    BREAK           reduce using rule 55 (exp -> exp CONCAT exp .)
    LOCAL           reduce using rule 55 (exp -> exp CONCAT exp .)
    DUALCOLON       reduce using rule 55 (exp -> exp CONCAT exp .)
    WHILE           reduce using rule 55 (exp -> exp CONCAT exp .)
    REPEAT          reduce using rule 55 (exp -> exp CONCAT exp .)
    IF              reduce using rule 55 (exp -> exp CONCAT exp .)
    FOR             reduce using rule 55 (exp -> exp CONCAT exp .)
    RETURN          reduce using rule 55 (exp -> exp CONCAT exp .)
    NAME            reduce using rule 55 (exp -> exp CONCAT exp .)
    LPAREN          reduce using rule 55 (exp -> exp CONCAT exp .)
    FUNCTION        reduce using rule 55 (exp -> exp CONCAT exp .)
    $end            reduce using rule 55 (exp -> exp CONCAT exp .)
    END             reduce using rule 55 (exp -> exp CONCAT exp .)
    UNTIL           reduce using rule 55 (exp -> exp CONCAT exp .)
    ELSEIF          reduce using rule 55 (exp -> exp CONCAT exp .)
    ELSE            reduce using rule 55 (exp -> exp CONCAT exp .)
    RPAREN          reduce using rule 55 (exp -> exp CONCAT exp .)
    RCOLCH          reduce using rule 55 (exp -> exp CONCAT exp .)
    PLUS            shift and go to state 80
    MINUS           shift and go to state 81
    TIMES           shift and go to state 82
    DIVIDE          shift and go to state 83
    EXPO            shift and go to state 84
    PERCENTUAL      shift and go to state 85

  ! PLUS            [ reduce using rule 55 (exp -> exp CONCAT exp .) ]
  ! MINUS           [ reduce using rule 55 (exp -> exp CONCAT exp .) ]
  ! TIMES           [ reduce using rule 55 (exp -> exp CONCAT exp .) ]
  ! DIVIDE          [ reduce using rule 55 (exp -> exp CONCAT exp .) ]
  ! EXPO            [ reduce using rule 55 (exp -> exp CONCAT exp .) ]
  ! PERCENTUAL      [ reduce using rule 55 (exp -> exp CONCAT exp .) ]
  ! CONCAT          [ shift and go to state 86 ]
  ! LT              [ shift and go to state 87 ]
  ! LTEQUALS        [ shift and go to state 88 ]
  ! GT              [ shift and go to state 89 ]
  ! GTEQUALS        [ shift and go to state 90 ]
  ! EQUALS          [ shift and go to state 91 ]
  ! DIF             [ shift and go to state 92 ]
  ! AND             [ shift and go to state 93 ]
  ! OR              [ shift and go to state 94 ]


state 122

    (56) exp -> exp LT exp .
    (49) exp -> exp . PLUS exp
    (50) exp -> exp . MINUS exp
    (51) exp -> exp . TIMES exp
    (52) exp -> exp . DIVIDE exp
    (53) exp -> exp . EXPO exp
    (54) exp -> exp . PERCENTUAL exp
    (55) exp -> exp . CONCAT exp
    (56) exp -> exp . LT exp
    (57) exp -> exp . LTEQUALS exp
    (58) exp -> exp . GT exp
    (59) exp -> exp . GTEQUALS exp
    (60) exp -> exp . EQUALS exp
    (61) exp -> exp . DIF exp
    (62) exp -> exp . AND exp
    (63) exp -> exp . OR exp

    DO              reduce using rule 56 (exp -> exp LT exp .)
    LT              reduce using rule 56 (exp -> exp LT exp .)
    LTEQUALS        reduce using rule 56 (exp -> exp LT exp .)
    GT              reduce using rule 56 (exp -> exp LT exp .)
    GTEQUALS        reduce using rule 56 (exp -> exp LT exp .)
    EQUALS          reduce using rule 56 (exp -> exp LT exp .)
    DIF             reduce using rule 56 (exp -> exp LT exp .)
    AND             reduce using rule 56 (exp -> exp LT exp .)
    OR              reduce using rule 56 (exp -> exp LT exp .)
    THEN            reduce using rule 56 (exp -> exp LT exp .)
    COMMA           reduce using rule 56 (exp -> exp LT exp .)
    SEMICOLON       reduce using rule 56 (exp -> exp LT exp .)
    BREAK           reduce using rule 56 (exp -> exp LT exp .)
    LOCAL           reduce using rule 56 (exp -> exp LT exp .)
    DUALCOLON       reduce using rule 56 (exp -> exp LT exp .)
    WHILE           reduce using rule 56 (exp -> exp LT exp .)
    REPEAT          reduce using rule 56 (exp -> exp LT exp .)
    IF              reduce using rule 56 (exp -> exp LT exp .)
    FOR             reduce using rule 56 (exp -> exp LT exp .)
    RETURN          reduce using rule 56 (exp -> exp LT exp .)
    NAME            reduce using rule 56 (exp -> exp LT exp .)
    LPAREN          reduce using rule 56 (exp -> exp LT exp .)
    FUNCTION        reduce using rule 56 (exp -> exp LT exp .)
    $end            reduce using rule 56 (exp -> exp LT exp .)
    END             reduce using rule 56 (exp -> exp LT exp .)
    UNTIL           reduce using rule 56 (exp -> exp LT exp .)
    ELSEIF          reduce using rule 56 (exp -> exp LT exp .)
    ELSE            reduce using rule 56 (exp -> exp LT exp .)
    RPAREN          reduce using rule 56 (exp -> exp LT exp .)
    RCOLCH          reduce using rule 56 (exp -> exp LT exp .)
    PLUS            shift and go to state 80
    MINUS           shift and go to state 81
    TIMES           shift and go to state 82
    DIVIDE          shift and go to state 83
    EXPO            shift and go to state 84
    PERCENTUAL      shift and go to state 85
    CONCAT          shift and go to state 86

  ! PLUS            [ reduce using rule 56 (exp -> exp LT exp .) ]
  ! MINUS           [ reduce using rule 56 (exp -> exp LT exp .) ]
  ! TIMES           [ reduce using rule 56 (exp -> exp LT exp .) ]
  ! DIVIDE          [ reduce using rule 56 (exp -> exp LT exp .) ]
  ! EXPO            [ reduce using rule 56 (exp -> exp LT exp .) ]
  ! PERCENTUAL      [ reduce using rule 56 (exp -> exp LT exp .) ]
  ! CONCAT          [ reduce using rule 56 (exp -> exp LT exp .) ]
  ! LT              [ shift and go to state 87 ]
  ! LTEQUALS        [ shift and go to state 88 ]
  ! GT              [ shift and go to state 89 ]
  ! GTEQUALS        [ shift and go to state 90 ]
  ! EQUALS          [ shift and go to state 91 ]
  ! DIF             [ shift and go to state 92 ]
  ! AND             [ shift and go to state 93 ]
  ! OR              [ shift and go to state 94 ]


state 123

    (57) exp -> exp LTEQUALS exp .
    (49) exp -> exp . PLUS exp
    (50) exp -> exp . MINUS exp
    (51) exp -> exp . TIMES exp
    (52) exp -> exp . DIVIDE exp
    (53) exp -> exp . EXPO exp
    (54) exp -> exp . PERCENTUAL exp
    (55) exp -> exp . CONCAT exp
    (56) exp -> exp . LT exp
    (57) exp -> exp . LTEQUALS exp
    (58) exp -> exp . GT exp
    (59) exp -> exp . GTEQUALS exp
    (60) exp -> exp . EQUALS exp
    (61) exp -> exp . DIF exp
    (62) exp -> exp . AND exp
    (63) exp -> exp . OR exp

    DO              reduce using rule 57 (exp -> exp LTEQUALS exp .)
    LT              reduce using rule 57 (exp -> exp LTEQUALS exp .)
    LTEQUALS        reduce using rule 57 (exp -> exp LTEQUALS exp .)
    GT              reduce using rule 57 (exp -> exp LTEQUALS exp .)
    GTEQUALS        reduce using rule 57 (exp -> exp LTEQUALS exp .)
    EQUALS          reduce using rule 57 (exp -> exp LTEQUALS exp .)
    DIF             reduce using rule 57 (exp -> exp LTEQUALS exp .)
    AND             reduce using rule 57 (exp -> exp LTEQUALS exp .)
    OR              reduce using rule 57 (exp -> exp LTEQUALS exp .)
    THEN            reduce using rule 57 (exp -> exp LTEQUALS exp .)
    COMMA           reduce using rule 57 (exp -> exp LTEQUALS exp .)
    SEMICOLON       reduce using rule 57 (exp -> exp LTEQUALS exp .)
    BREAK           reduce using rule 57 (exp -> exp LTEQUALS exp .)
    LOCAL           reduce using rule 57 (exp -> exp LTEQUALS exp .)
    DUALCOLON       reduce using rule 57 (exp -> exp LTEQUALS exp .)
    WHILE           reduce using rule 57 (exp -> exp LTEQUALS exp .)
    REPEAT          reduce using rule 57 (exp -> exp LTEQUALS exp .)
    IF              reduce using rule 57 (exp -> exp LTEQUALS exp .)
    FOR             reduce using rule 57 (exp -> exp LTEQUALS exp .)
    RETURN          reduce using rule 57 (exp -> exp LTEQUALS exp .)
    NAME            reduce using rule 57 (exp -> exp LTEQUALS exp .)
    LPAREN          reduce using rule 57 (exp -> exp LTEQUALS exp .)
    FUNCTION        reduce using rule 57 (exp -> exp LTEQUALS exp .)
    $end            reduce using rule 57 (exp -> exp LTEQUALS exp .)
    END             reduce using rule 57 (exp -> exp LTEQUALS exp .)
    UNTIL           reduce using rule 57 (exp -> exp LTEQUALS exp .)
    ELSEIF          reduce using rule 57 (exp -> exp LTEQUALS exp .)
    ELSE            reduce using rule 57 (exp -> exp LTEQUALS exp .)
    RPAREN          reduce using rule 57 (exp -> exp LTEQUALS exp .)
    RCOLCH          reduce using rule 57 (exp -> exp LTEQUALS exp .)
    PLUS            shift and go to state 80
    MINUS           shift and go to state 81
    TIMES           shift and go to state 82
    DIVIDE          shift and go to state 83
    EXPO            shift and go to state 84
    PERCENTUAL      shift and go to state 85
    CONCAT          shift and go to state 86

  ! PLUS            [ reduce using rule 57 (exp -> exp LTEQUALS exp .) ]
  ! MINUS           [ reduce using rule 57 (exp -> exp LTEQUALS exp .) ]
  ! TIMES           [ reduce using rule 57 (exp -> exp LTEQUALS exp .) ]
  ! DIVIDE          [ reduce using rule 57 (exp -> exp LTEQUALS exp .) ]
  ! EXPO            [ reduce using rule 57 (exp -> exp LTEQUALS exp .) ]
  ! PERCENTUAL      [ reduce using rule 57 (exp -> exp LTEQUALS exp .) ]
  ! CONCAT          [ reduce using rule 57 (exp -> exp LTEQUALS exp .) ]
  ! LT              [ shift and go to state 87 ]
  ! LTEQUALS        [ shift and go to state 88 ]
  ! GT              [ shift and go to state 89 ]
  ! GTEQUALS        [ shift and go to state 90 ]
  ! EQUALS          [ shift and go to state 91 ]
  ! DIF             [ shift and go to state 92 ]
  ! AND             [ shift and go to state 93 ]
  ! OR              [ shift and go to state 94 ]


state 124

    (58) exp -> exp GT exp .
    (49) exp -> exp . PLUS exp
    (50) exp -> exp . MINUS exp
    (51) exp -> exp . TIMES exp
    (52) exp -> exp . DIVIDE exp
    (53) exp -> exp . EXPO exp
    (54) exp -> exp . PERCENTUAL exp
    (55) exp -> exp . CONCAT exp
    (56) exp -> exp . LT exp
    (57) exp -> exp . LTEQUALS exp
    (58) exp -> exp . GT exp
    (59) exp -> exp . GTEQUALS exp
    (60) exp -> exp . EQUALS exp
    (61) exp -> exp . DIF exp
    (62) exp -> exp . AND exp
    (63) exp -> exp . OR exp

    DO              reduce using rule 58 (exp -> exp GT exp .)
    LT              reduce using rule 58 (exp -> exp GT exp .)
    LTEQUALS        reduce using rule 58 (exp -> exp GT exp .)
    GT              reduce using rule 58 (exp -> exp GT exp .)
    GTEQUALS        reduce using rule 58 (exp -> exp GT exp .)
    EQUALS          reduce using rule 58 (exp -> exp GT exp .)
    DIF             reduce using rule 58 (exp -> exp GT exp .)
    AND             reduce using rule 58 (exp -> exp GT exp .)
    OR              reduce using rule 58 (exp -> exp GT exp .)
    THEN            reduce using rule 58 (exp -> exp GT exp .)
    COMMA           reduce using rule 58 (exp -> exp GT exp .)
    SEMICOLON       reduce using rule 58 (exp -> exp GT exp .)
    BREAK           reduce using rule 58 (exp -> exp GT exp .)
    LOCAL           reduce using rule 58 (exp -> exp GT exp .)
    DUALCOLON       reduce using rule 58 (exp -> exp GT exp .)
    WHILE           reduce using rule 58 (exp -> exp GT exp .)
    REPEAT          reduce using rule 58 (exp -> exp GT exp .)
    IF              reduce using rule 58 (exp -> exp GT exp .)
    FOR             reduce using rule 58 (exp -> exp GT exp .)
    RETURN          reduce using rule 58 (exp -> exp GT exp .)
    NAME            reduce using rule 58 (exp -> exp GT exp .)
    LPAREN          reduce using rule 58 (exp -> exp GT exp .)
    FUNCTION        reduce using rule 58 (exp -> exp GT exp .)
    $end            reduce using rule 58 (exp -> exp GT exp .)
    END             reduce using rule 58 (exp -> exp GT exp .)
    UNTIL           reduce using rule 58 (exp -> exp GT exp .)
    ELSEIF          reduce using rule 58 (exp -> exp GT exp .)
    ELSE            reduce using rule 58 (exp -> exp GT exp .)
    RPAREN          reduce using rule 58 (exp -> exp GT exp .)
    RCOLCH          reduce using rule 58 (exp -> exp GT exp .)
    PLUS            shift and go to state 80
    MINUS           shift and go to state 81
    TIMES           shift and go to state 82
    DIVIDE          shift and go to state 83
    EXPO            shift and go to state 84
    PERCENTUAL      shift and go to state 85
    CONCAT          shift and go to state 86

  ! PLUS            [ reduce using rule 58 (exp -> exp GT exp .) ]
  ! MINUS           [ reduce using rule 58 (exp -> exp GT exp .) ]
  ! TIMES           [ reduce using rule 58 (exp -> exp GT exp .) ]
  ! DIVIDE          [ reduce using rule 58 (exp -> exp GT exp .) ]
  ! EXPO            [ reduce using rule 58 (exp -> exp GT exp .) ]
  ! PERCENTUAL      [ reduce using rule 58 (exp -> exp GT exp .) ]
  ! CONCAT          [ reduce using rule 58 (exp -> exp GT exp .) ]
  ! LT              [ shift and go to state 87 ]
  ! LTEQUALS        [ shift and go to state 88 ]
  ! GT              [ shift and go to state 89 ]
  ! GTEQUALS        [ shift and go to state 90 ]
  ! EQUALS          [ shift and go to state 91 ]
  ! DIF             [ shift and go to state 92 ]
  ! AND             [ shift and go to state 93 ]
  ! OR              [ shift and go to state 94 ]


state 125

    (59) exp -> exp GTEQUALS exp .
    (49) exp -> exp . PLUS exp
    (50) exp -> exp . MINUS exp
    (51) exp -> exp . TIMES exp
    (52) exp -> exp . DIVIDE exp
    (53) exp -> exp . EXPO exp
    (54) exp -> exp . PERCENTUAL exp
    (55) exp -> exp . CONCAT exp
    (56) exp -> exp . LT exp
    (57) exp -> exp . LTEQUALS exp
    (58) exp -> exp . GT exp
    (59) exp -> exp . GTEQUALS exp
    (60) exp -> exp . EQUALS exp
    (61) exp -> exp . DIF exp
    (62) exp -> exp . AND exp
    (63) exp -> exp . OR exp

    DO              reduce using rule 59 (exp -> exp GTEQUALS exp .)
    LT              reduce using rule 59 (exp -> exp GTEQUALS exp .)
    LTEQUALS        reduce using rule 59 (exp -> exp GTEQUALS exp .)
    GT              reduce using rule 59 (exp -> exp GTEQUALS exp .)
    GTEQUALS        reduce using rule 59 (exp -> exp GTEQUALS exp .)
    EQUALS          reduce using rule 59 (exp -> exp GTEQUALS exp .)
    DIF             reduce using rule 59 (exp -> exp GTEQUALS exp .)
    AND             reduce using rule 59 (exp -> exp GTEQUALS exp .)
    OR              reduce using rule 59 (exp -> exp GTEQUALS exp .)
    THEN            reduce using rule 59 (exp -> exp GTEQUALS exp .)
    COMMA           reduce using rule 59 (exp -> exp GTEQUALS exp .)
    SEMICOLON       reduce using rule 59 (exp -> exp GTEQUALS exp .)
    BREAK           reduce using rule 59 (exp -> exp GTEQUALS exp .)
    LOCAL           reduce using rule 59 (exp -> exp GTEQUALS exp .)
    DUALCOLON       reduce using rule 59 (exp -> exp GTEQUALS exp .)
    WHILE           reduce using rule 59 (exp -> exp GTEQUALS exp .)
    REPEAT          reduce using rule 59 (exp -> exp GTEQUALS exp .)
    IF              reduce using rule 59 (exp -> exp GTEQUALS exp .)
    FOR             reduce using rule 59 (exp -> exp GTEQUALS exp .)
    RETURN          reduce using rule 59 (exp -> exp GTEQUALS exp .)
    NAME            reduce using rule 59 (exp -> exp GTEQUALS exp .)
    LPAREN          reduce using rule 59 (exp -> exp GTEQUALS exp .)
    FUNCTION        reduce using rule 59 (exp -> exp GTEQUALS exp .)
    $end            reduce using rule 59 (exp -> exp GTEQUALS exp .)
    END             reduce using rule 59 (exp -> exp GTEQUALS exp .)
    UNTIL           reduce using rule 59 (exp -> exp GTEQUALS exp .)
    ELSEIF          reduce using rule 59 (exp -> exp GTEQUALS exp .)
    ELSE            reduce using rule 59 (exp -> exp GTEQUALS exp .)
    RPAREN          reduce using rule 59 (exp -> exp GTEQUALS exp .)
    RCOLCH          reduce using rule 59 (exp -> exp GTEQUALS exp .)
    PLUS            shift and go to state 80
    MINUS           shift and go to state 81
    TIMES           shift and go to state 82
    DIVIDE          shift and go to state 83
    EXPO            shift and go to state 84
    PERCENTUAL      shift and go to state 85
    CONCAT          shift and go to state 86

  ! PLUS            [ reduce using rule 59 (exp -> exp GTEQUALS exp .) ]
  ! MINUS           [ reduce using rule 59 (exp -> exp GTEQUALS exp .) ]
  ! TIMES           [ reduce using rule 59 (exp -> exp GTEQUALS exp .) ]
  ! DIVIDE          [ reduce using rule 59 (exp -> exp GTEQUALS exp .) ]
  ! EXPO            [ reduce using rule 59 (exp -> exp GTEQUALS exp .) ]
  ! PERCENTUAL      [ reduce using rule 59 (exp -> exp GTEQUALS exp .) ]
  ! CONCAT          [ reduce using rule 59 (exp -> exp GTEQUALS exp .) ]
  ! LT              [ shift and go to state 87 ]
  ! LTEQUALS        [ shift and go to state 88 ]
  ! GT              [ shift and go to state 89 ]
  ! GTEQUALS        [ shift and go to state 90 ]
  ! EQUALS          [ shift and go to state 91 ]
  ! DIF             [ shift and go to state 92 ]
  ! AND             [ shift and go to state 93 ]
  ! OR              [ shift and go to state 94 ]


state 126

    (60) exp -> exp EQUALS exp .
    (49) exp -> exp . PLUS exp
    (50) exp -> exp . MINUS exp
    (51) exp -> exp . TIMES exp
    (52) exp -> exp . DIVIDE exp
    (53) exp -> exp . EXPO exp
    (54) exp -> exp . PERCENTUAL exp
    (55) exp -> exp . CONCAT exp
    (56) exp -> exp . LT exp
    (57) exp -> exp . LTEQUALS exp
    (58) exp -> exp . GT exp
    (59) exp -> exp . GTEQUALS exp
    (60) exp -> exp . EQUALS exp
    (61) exp -> exp . DIF exp
    (62) exp -> exp . AND exp
    (63) exp -> exp . OR exp

    DO              reduce using rule 60 (exp -> exp EQUALS exp .)
    LT              reduce using rule 60 (exp -> exp EQUALS exp .)
    LTEQUALS        reduce using rule 60 (exp -> exp EQUALS exp .)
    GT              reduce using rule 60 (exp -> exp EQUALS exp .)
    GTEQUALS        reduce using rule 60 (exp -> exp EQUALS exp .)
    EQUALS          reduce using rule 60 (exp -> exp EQUALS exp .)
    DIF             reduce using rule 60 (exp -> exp EQUALS exp .)
    AND             reduce using rule 60 (exp -> exp EQUALS exp .)
    OR              reduce using rule 60 (exp -> exp EQUALS exp .)
    THEN            reduce using rule 60 (exp -> exp EQUALS exp .)
    COMMA           reduce using rule 60 (exp -> exp EQUALS exp .)
    SEMICOLON       reduce using rule 60 (exp -> exp EQUALS exp .)
    BREAK           reduce using rule 60 (exp -> exp EQUALS exp .)
    LOCAL           reduce using rule 60 (exp -> exp EQUALS exp .)
    DUALCOLON       reduce using rule 60 (exp -> exp EQUALS exp .)
    WHILE           reduce using rule 60 (exp -> exp EQUALS exp .)
    REPEAT          reduce using rule 60 (exp -> exp EQUALS exp .)
    IF              reduce using rule 60 (exp -> exp EQUALS exp .)
    FOR             reduce using rule 60 (exp -> exp EQUALS exp .)
    RETURN          reduce using rule 60 (exp -> exp EQUALS exp .)
    NAME            reduce using rule 60 (exp -> exp EQUALS exp .)
    LPAREN          reduce using rule 60 (exp -> exp EQUALS exp .)
    FUNCTION        reduce using rule 60 (exp -> exp EQUALS exp .)
    $end            reduce using rule 60 (exp -> exp EQUALS exp .)
    END             reduce using rule 60 (exp -> exp EQUALS exp .)
    UNTIL           reduce using rule 60 (exp -> exp EQUALS exp .)
    ELSEIF          reduce using rule 60 (exp -> exp EQUALS exp .)
    ELSE            reduce using rule 60 (exp -> exp EQUALS exp .)
    RPAREN          reduce using rule 60 (exp -> exp EQUALS exp .)
    RCOLCH          reduce using rule 60 (exp -> exp EQUALS exp .)
    PLUS            shift and go to state 80
    MINUS           shift and go to state 81
    TIMES           shift and go to state 82
    DIVIDE          shift and go to state 83
    EXPO            shift and go to state 84
    PERCENTUAL      shift and go to state 85
    CONCAT          shift and go to state 86

  ! PLUS            [ reduce using rule 60 (exp -> exp EQUALS exp .) ]
  ! MINUS           [ reduce using rule 60 (exp -> exp EQUALS exp .) ]
  ! TIMES           [ reduce using rule 60 (exp -> exp EQUALS exp .) ]
  ! DIVIDE          [ reduce using rule 60 (exp -> exp EQUALS exp .) ]
  ! EXPO            [ reduce using rule 60 (exp -> exp EQUALS exp .) ]
  ! PERCENTUAL      [ reduce using rule 60 (exp -> exp EQUALS exp .) ]
  ! CONCAT          [ reduce using rule 60 (exp -> exp EQUALS exp .) ]
  ! LT              [ shift and go to state 87 ]
  ! LTEQUALS        [ shift and go to state 88 ]
  ! GT              [ shift and go to state 89 ]
  ! GTEQUALS        [ shift and go to state 90 ]
  ! EQUALS          [ shift and go to state 91 ]
  ! DIF             [ shift and go to state 92 ]
  ! AND             [ shift and go to state 93 ]
  ! OR              [ shift and go to state 94 ]


state 127

    (61) exp -> exp DIF exp .
    (49) exp -> exp . PLUS exp
    (50) exp -> exp . MINUS exp
    (51) exp -> exp . TIMES exp
    (52) exp -> exp . DIVIDE exp
    (53) exp -> exp . EXPO exp
    (54) exp -> exp . PERCENTUAL exp
    (55) exp -> exp . CONCAT exp
    (56) exp -> exp . LT exp
    (57) exp -> exp . LTEQUALS exp
    (58) exp -> exp . GT exp
    (59) exp -> exp . GTEQUALS exp
    (60) exp -> exp . EQUALS exp
    (61) exp -> exp . DIF exp
    (62) exp -> exp . AND exp
    (63) exp -> exp . OR exp

    DO              reduce using rule 61 (exp -> exp DIF exp .)
    LT              reduce using rule 61 (exp -> exp DIF exp .)
    LTEQUALS        reduce using rule 61 (exp -> exp DIF exp .)
    GT              reduce using rule 61 (exp -> exp DIF exp .)
    GTEQUALS        reduce using rule 61 (exp -> exp DIF exp .)
    EQUALS          reduce using rule 61 (exp -> exp DIF exp .)
    DIF             reduce using rule 61 (exp -> exp DIF exp .)
    AND             reduce using rule 61 (exp -> exp DIF exp .)
    OR              reduce using rule 61 (exp -> exp DIF exp .)
    THEN            reduce using rule 61 (exp -> exp DIF exp .)
    COMMA           reduce using rule 61 (exp -> exp DIF exp .)
    SEMICOLON       reduce using rule 61 (exp -> exp DIF exp .)
    BREAK           reduce using rule 61 (exp -> exp DIF exp .)
    LOCAL           reduce using rule 61 (exp -> exp DIF exp .)
    DUALCOLON       reduce using rule 61 (exp -> exp DIF exp .)
    WHILE           reduce using rule 61 (exp -> exp DIF exp .)
    REPEAT          reduce using rule 61 (exp -> exp DIF exp .)
    IF              reduce using rule 61 (exp -> exp DIF exp .)
    FOR             reduce using rule 61 (exp -> exp DIF exp .)
    RETURN          reduce using rule 61 (exp -> exp DIF exp .)
    NAME            reduce using rule 61 (exp -> exp DIF exp .)
    LPAREN          reduce using rule 61 (exp -> exp DIF exp .)
    FUNCTION        reduce using rule 61 (exp -> exp DIF exp .)
    $end            reduce using rule 61 (exp -> exp DIF exp .)
    END             reduce using rule 61 (exp -> exp DIF exp .)
    UNTIL           reduce using rule 61 (exp -> exp DIF exp .)
    ELSEIF          reduce using rule 61 (exp -> exp DIF exp .)
    ELSE            reduce using rule 61 (exp -> exp DIF exp .)
    RPAREN          reduce using rule 61 (exp -> exp DIF exp .)
    RCOLCH          reduce using rule 61 (exp -> exp DIF exp .)
    PLUS            shift and go to state 80
    MINUS           shift and go to state 81
    TIMES           shift and go to state 82
    DIVIDE          shift and go to state 83
    EXPO            shift and go to state 84
    PERCENTUAL      shift and go to state 85
    CONCAT          shift and go to state 86

  ! PLUS            [ reduce using rule 61 (exp -> exp DIF exp .) ]
  ! MINUS           [ reduce using rule 61 (exp -> exp DIF exp .) ]
  ! TIMES           [ reduce using rule 61 (exp -> exp DIF exp .) ]
  ! DIVIDE          [ reduce using rule 61 (exp -> exp DIF exp .) ]
  ! EXPO            [ reduce using rule 61 (exp -> exp DIF exp .) ]
  ! PERCENTUAL      [ reduce using rule 61 (exp -> exp DIF exp .) ]
  ! CONCAT          [ reduce using rule 61 (exp -> exp DIF exp .) ]
  ! LT              [ shift and go to state 87 ]
  ! LTEQUALS        [ shift and go to state 88 ]
  ! GT              [ shift and go to state 89 ]
  ! GTEQUALS        [ shift and go to state 90 ]
  ! EQUALS          [ shift and go to state 91 ]
  ! DIF             [ shift and go to state 92 ]
  ! AND             [ shift and go to state 93 ]
  ! OR              [ shift and go to state 94 ]


state 128

    (62) exp -> exp AND exp .
    (49) exp -> exp . PLUS exp
    (50) exp -> exp . MINUS exp
    (51) exp -> exp . TIMES exp
    (52) exp -> exp . DIVIDE exp
    (53) exp -> exp . EXPO exp
    (54) exp -> exp . PERCENTUAL exp
    (55) exp -> exp . CONCAT exp
    (56) exp -> exp . LT exp
    (57) exp -> exp . LTEQUALS exp
    (58) exp -> exp . GT exp
    (59) exp -> exp . GTEQUALS exp
    (60) exp -> exp . EQUALS exp
    (61) exp -> exp . DIF exp
    (62) exp -> exp . AND exp
    (63) exp -> exp . OR exp

    DO              reduce using rule 62 (exp -> exp AND exp .)
    AND             reduce using rule 62 (exp -> exp AND exp .)
    OR              reduce using rule 62 (exp -> exp AND exp .)
    THEN            reduce using rule 62 (exp -> exp AND exp .)
    COMMA           reduce using rule 62 (exp -> exp AND exp .)
    SEMICOLON       reduce using rule 62 (exp -> exp AND exp .)
    BREAK           reduce using rule 62 (exp -> exp AND exp .)
    LOCAL           reduce using rule 62 (exp -> exp AND exp .)
    DUALCOLON       reduce using rule 62 (exp -> exp AND exp .)
    WHILE           reduce using rule 62 (exp -> exp AND exp .)
    REPEAT          reduce using rule 62 (exp -> exp AND exp .)
    IF              reduce using rule 62 (exp -> exp AND exp .)
    FOR             reduce using rule 62 (exp -> exp AND exp .)
    RETURN          reduce using rule 62 (exp -> exp AND exp .)
    NAME            reduce using rule 62 (exp -> exp AND exp .)
    LPAREN          reduce using rule 62 (exp -> exp AND exp .)
    FUNCTION        reduce using rule 62 (exp -> exp AND exp .)
    $end            reduce using rule 62 (exp -> exp AND exp .)
    END             reduce using rule 62 (exp -> exp AND exp .)
    UNTIL           reduce using rule 62 (exp -> exp AND exp .)
    ELSEIF          reduce using rule 62 (exp -> exp AND exp .)
    ELSE            reduce using rule 62 (exp -> exp AND exp .)
    RPAREN          reduce using rule 62 (exp -> exp AND exp .)
    RCOLCH          reduce using rule 62 (exp -> exp AND exp .)
    PLUS            shift and go to state 80
    MINUS           shift and go to state 81
    TIMES           shift and go to state 82
    DIVIDE          shift and go to state 83
    EXPO            shift and go to state 84
    PERCENTUAL      shift and go to state 85
    CONCAT          shift and go to state 86
    LT              shift and go to state 87
    LTEQUALS        shift and go to state 88
    GT              shift and go to state 89
    GTEQUALS        shift and go to state 90
    EQUALS          shift and go to state 91
    DIF             shift and go to state 92

  ! PLUS            [ reduce using rule 62 (exp -> exp AND exp .) ]
  ! MINUS           [ reduce using rule 62 (exp -> exp AND exp .) ]
  ! TIMES           [ reduce using rule 62 (exp -> exp AND exp .) ]
  ! DIVIDE          [ reduce using rule 62 (exp -> exp AND exp .) ]
  ! EXPO            [ reduce using rule 62 (exp -> exp AND exp .) ]
  ! PERCENTUAL      [ reduce using rule 62 (exp -> exp AND exp .) ]
  ! CONCAT          [ reduce using rule 62 (exp -> exp AND exp .) ]
  ! LT              [ reduce using rule 62 (exp -> exp AND exp .) ]
  ! LTEQUALS        [ reduce using rule 62 (exp -> exp AND exp .) ]
  ! GT              [ reduce using rule 62 (exp -> exp AND exp .) ]
  ! GTEQUALS        [ reduce using rule 62 (exp -> exp AND exp .) ]
  ! EQUALS          [ reduce using rule 62 (exp -> exp AND exp .) ]
  ! DIF             [ reduce using rule 62 (exp -> exp AND exp .) ]
  ! AND             [ shift and go to state 93 ]
  ! OR              [ shift and go to state 94 ]


state 129

    (63) exp -> exp OR exp .
    (49) exp -> exp . PLUS exp
    (50) exp -> exp . MINUS exp
    (51) exp -> exp . TIMES exp
    (52) exp -> exp . DIVIDE exp
    (53) exp -> exp . EXPO exp
    (54) exp -> exp . PERCENTUAL exp
    (55) exp -> exp . CONCAT exp
    (56) exp -> exp . LT exp
    (57) exp -> exp . LTEQUALS exp
    (58) exp -> exp . GT exp
    (59) exp -> exp . GTEQUALS exp
    (60) exp -> exp . EQUALS exp
    (61) exp -> exp . DIF exp
    (62) exp -> exp . AND exp
    (63) exp -> exp . OR exp

    DO              reduce using rule 63 (exp -> exp OR exp .)
    OR              reduce using rule 63 (exp -> exp OR exp .)
    THEN            reduce using rule 63 (exp -> exp OR exp .)
    COMMA           reduce using rule 63 (exp -> exp OR exp .)
    SEMICOLON       reduce using rule 63 (exp -> exp OR exp .)
    BREAK           reduce using rule 63 (exp -> exp OR exp .)
    LOCAL           reduce using rule 63 (exp -> exp OR exp .)
    DUALCOLON       reduce using rule 63 (exp -> exp OR exp .)
    WHILE           reduce using rule 63 (exp -> exp OR exp .)
    REPEAT          reduce using rule 63 (exp -> exp OR exp .)
    IF              reduce using rule 63 (exp -> exp OR exp .)
    FOR             reduce using rule 63 (exp -> exp OR exp .)
    RETURN          reduce using rule 63 (exp -> exp OR exp .)
    NAME            reduce using rule 63 (exp -> exp OR exp .)
    LPAREN          reduce using rule 63 (exp -> exp OR exp .)
    FUNCTION        reduce using rule 63 (exp -> exp OR exp .)
    $end            reduce using rule 63 (exp -> exp OR exp .)
    END             reduce using rule 63 (exp -> exp OR exp .)
    UNTIL           reduce using rule 63 (exp -> exp OR exp .)
    ELSEIF          reduce using rule 63 (exp -> exp OR exp .)
    ELSE            reduce using rule 63 (exp -> exp OR exp .)
    RPAREN          reduce using rule 63 (exp -> exp OR exp .)
    RCOLCH          reduce using rule 63 (exp -> exp OR exp .)
    PLUS            shift and go to state 80
    MINUS           shift and go to state 81
    TIMES           shift and go to state 82
    DIVIDE          shift and go to state 83
    EXPO            shift and go to state 84
    PERCENTUAL      shift and go to state 85
    CONCAT          shift and go to state 86
    LT              shift and go to state 87
    LTEQUALS        shift and go to state 88
    GT              shift and go to state 89
    GTEQUALS        shift and go to state 90
    EQUALS          shift and go to state 91
    DIF             shift and go to state 92
    AND             shift and go to state 93

  ! PLUS            [ reduce using rule 63 (exp -> exp OR exp .) ]
  ! MINUS           [ reduce using rule 63 (exp -> exp OR exp .) ]
  ! TIMES           [ reduce using rule 63 (exp -> exp OR exp .) ]
  ! DIVIDE          [ reduce using rule 63 (exp -> exp OR exp .) ]
  ! EXPO            [ reduce using rule 63 (exp -> exp OR exp .) ]
  ! PERCENTUAL      [ reduce using rule 63 (exp -> exp OR exp .) ]
  ! CONCAT          [ reduce using rule 63 (exp -> exp OR exp .) ]
  ! LT              [ reduce using rule 63 (exp -> exp OR exp .) ]
  ! LTEQUALS        [ reduce using rule 63 (exp -> exp OR exp .) ]
  ! GT              [ reduce using rule 63 (exp -> exp OR exp .) ]
  ! GTEQUALS        [ reduce using rule 63 (exp -> exp OR exp .) ]
  ! EQUALS          [ reduce using rule 63 (exp -> exp OR exp .) ]
  ! DIF             [ reduce using rule 63 (exp -> exp OR exp .) ]
  ! AND             [ reduce using rule 63 (exp -> exp OR exp .) ]
  ! OR              [ shift and go to state 94 ]


state 130

    (83) struct_repeat -> REPEAT block UNTIL exp .
    (49) exp -> exp . PLUS exp
    (50) exp -> exp . MINUS exp
    (51) exp -> exp . TIMES exp
    (52) exp -> exp . DIVIDE exp
    (53) exp -> exp . EXPO exp
    (54) exp -> exp . PERCENTUAL exp
    (55) exp -> exp . CONCAT exp
    (56) exp -> exp . LT exp
    (57) exp -> exp . LTEQUALS exp
    (58) exp -> exp . GT exp
    (59) exp -> exp . GTEQUALS exp
    (60) exp -> exp . EQUALS exp
    (61) exp -> exp . DIF exp
    (62) exp -> exp . AND exp
    (63) exp -> exp . OR exp

    BREAK           reduce using rule 83 (struct_repeat -> REPEAT block UNTIL exp .)
    DO              reduce using rule 83 (struct_repeat -> REPEAT block UNTIL exp .)
    LOCAL           reduce using rule 83 (struct_repeat -> REPEAT block UNTIL exp .)
    DUALCOLON       reduce using rule 83 (struct_repeat -> REPEAT block UNTIL exp .)
    WHILE           reduce using rule 83 (struct_repeat -> REPEAT block UNTIL exp .)
    REPEAT          reduce using rule 83 (struct_repeat -> REPEAT block UNTIL exp .)
    IF              reduce using rule 83 (struct_repeat -> REPEAT block UNTIL exp .)
    FOR             reduce using rule 83 (struct_repeat -> REPEAT block UNTIL exp .)
    RETURN          reduce using rule 83 (struct_repeat -> REPEAT block UNTIL exp .)
    NAME            reduce using rule 83 (struct_repeat -> REPEAT block UNTIL exp .)
    LPAREN          reduce using rule 83 (struct_repeat -> REPEAT block UNTIL exp .)
    FUNCTION        reduce using rule 83 (struct_repeat -> REPEAT block UNTIL exp .)
    $end            reduce using rule 83 (struct_repeat -> REPEAT block UNTIL exp .)
    END             reduce using rule 83 (struct_repeat -> REPEAT block UNTIL exp .)
    UNTIL           reduce using rule 83 (struct_repeat -> REPEAT block UNTIL exp .)
    ELSEIF          reduce using rule 83 (struct_repeat -> REPEAT block UNTIL exp .)
    ELSE            reduce using rule 83 (struct_repeat -> REPEAT block UNTIL exp .)
    PLUS            shift and go to state 80
    MINUS           shift and go to state 81
    TIMES           shift and go to state 82
    DIVIDE          shift and go to state 83
    EXPO            shift and go to state 84
    PERCENTUAL      shift and go to state 85
    CONCAT          shift and go to state 86
    LT              shift and go to state 87
    LTEQUALS        shift and go to state 88
    GT              shift and go to state 89
    GTEQUALS        shift and go to state 90
    EQUALS          shift and go to state 91
    DIF             shift and go to state 92
    AND             shift and go to state 93
    OR              shift and go to state 94


state 131

    (73) if -> IF exp THEN block . elseif_list else_opt END
    (74) elseif_list -> . elseif_list ELSEIF exp THEN block
    (75) elseif_list -> . empty
    (78) empty -> .

    ELSEIF          reduce using rule 78 (empty -> .)
    ELSE            reduce using rule 78 (empty -> .)
    END             reduce using rule 78 (empty -> .)

    elseif_list                    shift and go to state 139
    empty                          shift and go to state 140

state 132

    (80) struct_for -> FOR NAME ATRIB exp . COMMA exp DO block END
    (81) struct_for -> FOR NAME ATRIB exp . COMMA exp COMMA exp DO block END
    (49) exp -> exp . PLUS exp
    (50) exp -> exp . MINUS exp
    (51) exp -> exp . TIMES exp
    (52) exp -> exp . DIVIDE exp
    (53) exp -> exp . EXPO exp
    (54) exp -> exp . PERCENTUAL exp
    (55) exp -> exp . CONCAT exp
    (56) exp -> exp . LT exp
    (57) exp -> exp . LTEQUALS exp
    (58) exp -> exp . GT exp
    (59) exp -> exp . GTEQUALS exp
    (60) exp -> exp . EQUALS exp
    (61) exp -> exp . DIF exp
    (62) exp -> exp . AND exp
    (63) exp -> exp . OR exp

    COMMA           shift and go to state 141
    PLUS            shift and go to state 80
    MINUS           shift and go to state 81
    TIMES           shift and go to state 82
    DIVIDE          shift and go to state 83
    EXPO            shift and go to state 84
    PERCENTUAL      shift and go to state 85
    CONCAT          shift and go to state 86
    LT              shift and go to state 87
    LTEQUALS        shift and go to state 88
    GT              shift and go to state 89
    GTEQUALS        shift and go to state 90
    EQUALS          shift and go to state 91
    DIF             shift and go to state 92
    AND             shift and go to state 93
    OR              shift and go to state 94


state 133

    (35) list_names -> NAME COMMA list_names .

    IN              reduce using rule 35 (list_names -> NAME COMMA list_names .)
    COMMA           reduce using rule 35 (list_names -> NAME COMMA list_names .)
    RPAREN          reduce using rule 35 (list_names -> NAME COMMA list_names .)


state 134

    (82) struct_for_in -> FOR list_names IN list_exps . DO block END

    DO              shift and go to state 142


state 135

    (36) list_exps -> exp COMMA list_exps .

    SEMICOLON       reduce using rule 36 (list_exps -> exp COMMA list_exps .)
    BREAK           reduce using rule 36 (list_exps -> exp COMMA list_exps .)
    DO              reduce using rule 36 (list_exps -> exp COMMA list_exps .)
    LOCAL           reduce using rule 36 (list_exps -> exp COMMA list_exps .)
    DUALCOLON       reduce using rule 36 (list_exps -> exp COMMA list_exps .)
    WHILE           reduce using rule 36 (list_exps -> exp COMMA list_exps .)
    REPEAT          reduce using rule 36 (list_exps -> exp COMMA list_exps .)
    IF              reduce using rule 36 (list_exps -> exp COMMA list_exps .)
    FOR             reduce using rule 36 (list_exps -> exp COMMA list_exps .)
    RETURN          reduce using rule 36 (list_exps -> exp COMMA list_exps .)
    NAME            reduce using rule 36 (list_exps -> exp COMMA list_exps .)
    LPAREN          reduce using rule 36 (list_exps -> exp COMMA list_exps .)
    FUNCTION        reduce using rule 36 (list_exps -> exp COMMA list_exps .)
    $end            reduce using rule 36 (list_exps -> exp COMMA list_exps .)
    END             reduce using rule 36 (list_exps -> exp COMMA list_exps .)
    UNTIL           reduce using rule 36 (list_exps -> exp COMMA list_exps .)
    ELSEIF          reduce using rule 36 (list_exps -> exp COMMA list_exps .)
    ELSE            reduce using rule 36 (list_exps -> exp COMMA list_exps .)
    RPAREN          reduce using rule 36 (list_exps -> exp COMMA list_exps .)


state 136

    (67) body_function -> LPAREN list_pars RPAREN . block END
    (6) block -> . command
    (7) block -> . command block
    (8) command -> . list_vars ATRIB list_exps
    (9) command -> . call_function
    (10) command -> . rotulo
    (11) command -> . BREAK
    (12) command -> . DO block END
    (13) command -> . struct_while
    (14) command -> . struct_repeat
    (15) command -> . if
    (16) command -> . struct_for
    (17) command -> . struct_for_in
    (18) command -> . LOCAL list_vars ATRIB list_exps
    (19) command -> . command_ret
    (24) list_vars -> . var
    (25) list_vars -> . var COMMA list_vars
    (64) call_function -> . prefix_exp args
    (23) rotulo -> . DUALCOLON NAME DUALCOLON
    (79) struct_while -> . WHILE exp DO block END
    (83) struct_repeat -> . REPEAT block UNTIL exp
    (73) if -> . IF exp THEN block elseif_list else_opt END
    (80) struct_for -> . FOR NAME ATRIB exp COMMA exp DO block END
    (81) struct_for -> . FOR NAME ATRIB exp COMMA exp COMMA exp DO block END
    (82) struct_for_in -> . FOR list_names IN list_exps DO block END
    (20) command_ret -> . RETURN SEMICOLON
    (21) command_ret -> . RETURN list_exps
    (22) command_ret -> . RETURN list_exps SEMICOLON
    (26) var -> . NAME
    (27) var -> . prefix_exp LCOLCH exp RCOLCH
    (29) prefix_exp -> . NAME
    (30) prefix_exp -> . LPAREN exp RPAREN
    (31) prefix_exp -> . prefix_exp sufix_exp

    BREAK           shift and go to state 11
    DO              shift and go to state 12
    LOCAL           shift and go to state 18
    DUALCOLON       shift and go to state 22
    WHILE           shift and go to state 24
    REPEAT          shift and go to state 25
    IF              shift and go to state 26
    FOR             shift and go to state 27
    RETURN          shift and go to state 28
    NAME            shift and go to state 23
    LPAREN          shift and go to state 29

    block                          shift and go to state 143
    command                        shift and go to state 6
    list_vars                      shift and go to state 8
    call_function                  shift and go to state 9
    rotulo                         shift and go to state 10
    struct_while                   shift and go to state 13
    struct_repeat                  shift and go to state 14
    if                             shift and go to state 15
    struct_for                     shift and go to state 16
    struct_for_in                  shift and go to state 17
    command_ret                    shift and go to state 19
    var                            shift and go to state 20
    prefix_exp                     shift and go to state 21

state 137

    (69) list_pars -> list_names COMMA . VARARGS

    VARARGS         shift and go to state 144


state 138

    (79) struct_while -> WHILE exp DO block END .

    BREAK           reduce using rule 79 (struct_while -> WHILE exp DO block END .)
    DO              reduce using rule 79 (struct_while -> WHILE exp DO block END .)
    LOCAL           reduce using rule 79 (struct_while -> WHILE exp DO block END .)
    DUALCOLON       reduce using rule 79 (struct_while -> WHILE exp DO block END .)
    WHILE           reduce using rule 79 (struct_while -> WHILE exp DO block END .)
    REPEAT          reduce using rule 79 (struct_while -> WHILE exp DO block END .)
    IF              reduce using rule 79 (struct_while -> WHILE exp DO block END .)
    FOR             reduce using rule 79 (struct_while -> WHILE exp DO block END .)
    RETURN          reduce using rule 79 (struct_while -> WHILE exp DO block END .)
    NAME            reduce using rule 79 (struct_while -> WHILE exp DO block END .)
    LPAREN          reduce using rule 79 (struct_while -> WHILE exp DO block END .)
    FUNCTION        reduce using rule 79 (struct_while -> WHILE exp DO block END .)
    $end            reduce using rule 79 (struct_while -> WHILE exp DO block END .)
    END             reduce using rule 79 (struct_while -> WHILE exp DO block END .)
    UNTIL           reduce using rule 79 (struct_while -> WHILE exp DO block END .)
    ELSEIF          reduce using rule 79 (struct_while -> WHILE exp DO block END .)
    ELSE            reduce using rule 79 (struct_while -> WHILE exp DO block END .)


state 139

    (73) if -> IF exp THEN block elseif_list . else_opt END
    (74) elseif_list -> elseif_list . ELSEIF exp THEN block
    (76) else_opt -> . ELSE block
    (77) else_opt -> . empty
    (78) empty -> .

    ELSEIF          shift and go to state 146
    ELSE            shift and go to state 147
    END             reduce using rule 78 (empty -> .)

    else_opt                       shift and go to state 145
    empty                          shift and go to state 148

state 140

    (75) elseif_list -> empty .

    ELSEIF          reduce using rule 75 (elseif_list -> empty .)
    ELSE            reduce using rule 75 (elseif_list -> empty .)
    END             reduce using rule 75 (elseif_list -> empty .)


state 141

    (80) struct_for -> FOR NAME ATRIB exp COMMA . exp DO block END
    (81) struct_for -> FOR NAME ATRIB exp COMMA . exp COMMA exp DO block END
    (28) exp -> . prefix_exp args
    (38) exp -> . NIL
    (39) exp -> . FALSE
    (40) exp -> . TRUE
    (41) exp -> . NUMBER
    (42) exp -> . STRING
    (43) exp -> . VARARGS
    (44) exp -> . def_function
    (45) exp -> . prefix_exp
    (46) exp -> . TAG exp
    (47) exp -> . MINUS exp
    (48) exp -> . NOT exp
    (49) exp -> . exp PLUS exp
    (50) exp -> . exp MINUS exp
    (51) exp -> . exp TIMES exp
    (52) exp -> . exp DIVIDE exp
    (53) exp -> . exp EXPO exp
    (54) exp -> . exp PERCENTUAL exp
    (55) exp -> . exp CONCAT exp
    (56) exp -> . exp LT exp
    (57) exp -> . exp LTEQUALS exp
    (58) exp -> . exp GT exp
    (59) exp -> . exp GTEQUALS exp
    (60) exp -> . exp EQUALS exp
    (61) exp -> . exp DIF exp
    (62) exp -> . exp AND exp
    (63) exp -> . exp OR exp
    (29) prefix_exp -> . NAME
    (30) prefix_exp -> . LPAREN exp RPAREN
    (31) prefix_exp -> . prefix_exp sufix_exp
    (65) def_function -> . function
    (71) function -> . FUNCTION name_function body_function

    NIL             shift and go to state 47
    FALSE           shift and go to state 48
    TRUE            shift and go to state 49
    NUMBER          shift and go to state 50
    STRING          shift and go to state 51
    VARARGS         shift and go to state 52
    TAG             shift and go to state 54
    MINUS           shift and go to state 55
    NOT             shift and go to state 56
    NAME            shift and go to state 57
    LPAREN          shift and go to state 29
    FUNCTION        shift and go to state 7

    exp                            shift and go to state 149
    prefix_exp                     shift and go to state 46
    def_function                   shift and go to state 53
    function                       shift and go to state 58

state 142

    (82) struct_for_in -> FOR list_names IN list_exps DO . block END
    (6) block -> . command
    (7) block -> . command block
    (8) command -> . list_vars ATRIB list_exps
    (9) command -> . call_function
    (10) command -> . rotulo
    (11) command -> . BREAK
    (12) command -> . DO block END
    (13) command -> . struct_while
    (14) command -> . struct_repeat
    (15) command -> . if
    (16) command -> . struct_for
    (17) command -> . struct_for_in
    (18) command -> . LOCAL list_vars ATRIB list_exps
    (19) command -> . command_ret
    (24) list_vars -> . var
    (25) list_vars -> . var COMMA list_vars
    (64) call_function -> . prefix_exp args
    (23) rotulo -> . DUALCOLON NAME DUALCOLON
    (79) struct_while -> . WHILE exp DO block END
    (83) struct_repeat -> . REPEAT block UNTIL exp
    (73) if -> . IF exp THEN block elseif_list else_opt END
    (80) struct_for -> . FOR NAME ATRIB exp COMMA exp DO block END
    (81) struct_for -> . FOR NAME ATRIB exp COMMA exp COMMA exp DO block END
    (82) struct_for_in -> . FOR list_names IN list_exps DO block END
    (20) command_ret -> . RETURN SEMICOLON
    (21) command_ret -> . RETURN list_exps
    (22) command_ret -> . RETURN list_exps SEMICOLON
    (26) var -> . NAME
    (27) var -> . prefix_exp LCOLCH exp RCOLCH
    (29) prefix_exp -> . NAME
    (30) prefix_exp -> . LPAREN exp RPAREN
    (31) prefix_exp -> . prefix_exp sufix_exp

    BREAK           shift and go to state 11
    DO              shift and go to state 12
    LOCAL           shift and go to state 18
    DUALCOLON       shift and go to state 22
    WHILE           shift and go to state 24
    REPEAT          shift and go to state 25
    IF              shift and go to state 26
    FOR             shift and go to state 27
    RETURN          shift and go to state 28
    NAME            shift and go to state 23
    LPAREN          shift and go to state 29

    block                          shift and go to state 150
    command                        shift and go to state 6
    list_vars                      shift and go to state 8
    call_function                  shift and go to state 9
    rotulo                         shift and go to state 10
    struct_while                   shift and go to state 13
    struct_repeat                  shift and go to state 14
    if                             shift and go to state 15
    struct_for                     shift and go to state 16
    struct_for_in                  shift and go to state 17
    command_ret                    shift and go to state 19
    var                            shift and go to state 20
    prefix_exp                     shift and go to state 21

state 143

    (67) body_function -> LPAREN list_pars RPAREN block . END

    END             shift and go to state 151


state 144

    (69) list_pars -> list_names COMMA VARARGS .

    RPAREN          reduce using rule 69 (list_pars -> list_names COMMA VARARGS .)


state 145

    (73) if -> IF exp THEN block elseif_list else_opt . END

    END             shift and go to state 152


state 146

    (74) elseif_list -> elseif_list ELSEIF . exp THEN block
    (28) exp -> . prefix_exp args
    (38) exp -> . NIL
    (39) exp -> . FALSE
    (40) exp -> . TRUE
    (41) exp -> . NUMBER
    (42) exp -> . STRING
    (43) exp -> . VARARGS
    (44) exp -> . def_function
    (45) exp -> . prefix_exp
    (46) exp -> . TAG exp
    (47) exp -> . MINUS exp
    (48) exp -> . NOT exp
    (49) exp -> . exp PLUS exp
    (50) exp -> . exp MINUS exp
    (51) exp -> . exp TIMES exp
    (52) exp -> . exp DIVIDE exp
    (53) exp -> . exp EXPO exp
    (54) exp -> . exp PERCENTUAL exp
    (55) exp -> . exp CONCAT exp
    (56) exp -> . exp LT exp
    (57) exp -> . exp LTEQUALS exp
    (58) exp -> . exp GT exp
    (59) exp -> . exp GTEQUALS exp
    (60) exp -> . exp EQUALS exp
    (61) exp -> . exp DIF exp
    (62) exp -> . exp AND exp
    (63) exp -> . exp OR exp
    (29) prefix_exp -> . NAME
    (30) prefix_exp -> . LPAREN exp RPAREN
    (31) prefix_exp -> . prefix_exp sufix_exp
    (65) def_function -> . function
    (71) function -> . FUNCTION name_function body_function

    NIL             shift and go to state 47
    FALSE           shift and go to state 48
    TRUE            shift and go to state 49
    NUMBER          shift and go to state 50
    STRING          shift and go to state 51
    VARARGS         shift and go to state 52
    TAG             shift and go to state 54
    MINUS           shift and go to state 55
    NOT             shift and go to state 56
    NAME            shift and go to state 57
    LPAREN          shift and go to state 29
    FUNCTION        shift and go to state 7

    exp                            shift and go to state 153
    prefix_exp                     shift and go to state 46
    def_function                   shift and go to state 53
    function                       shift and go to state 58

state 147

    (76) else_opt -> ELSE . block
    (6) block -> . command
    (7) block -> . command block
    (8) command -> . list_vars ATRIB list_exps
    (9) command -> . call_function
    (10) command -> . rotulo
    (11) command -> . BREAK
    (12) command -> . DO block END
    (13) command -> . struct_while
    (14) command -> . struct_repeat
    (15) command -> . if
    (16) command -> . struct_for
    (17) command -> . struct_for_in
    (18) command -> . LOCAL list_vars ATRIB list_exps
    (19) command -> . command_ret
    (24) list_vars -> . var
    (25) list_vars -> . var COMMA list_vars
    (64) call_function -> . prefix_exp args
    (23) rotulo -> . DUALCOLON NAME DUALCOLON
    (79) struct_while -> . WHILE exp DO block END
    (83) struct_repeat -> . REPEAT block UNTIL exp
    (73) if -> . IF exp THEN block elseif_list else_opt END
    (80) struct_for -> . FOR NAME ATRIB exp COMMA exp DO block END
    (81) struct_for -> . FOR NAME ATRIB exp COMMA exp COMMA exp DO block END
    (82) struct_for_in -> . FOR list_names IN list_exps DO block END
    (20) command_ret -> . RETURN SEMICOLON
    (21) command_ret -> . RETURN list_exps
    (22) command_ret -> . RETURN list_exps SEMICOLON
    (26) var -> . NAME
    (27) var -> . prefix_exp LCOLCH exp RCOLCH
    (29) prefix_exp -> . NAME
    (30) prefix_exp -> . LPAREN exp RPAREN
    (31) prefix_exp -> . prefix_exp sufix_exp

    BREAK           shift and go to state 11
    DO              shift and go to state 12
    LOCAL           shift and go to state 18
    DUALCOLON       shift and go to state 22
    WHILE           shift and go to state 24
    REPEAT          shift and go to state 25
    IF              shift and go to state 26
    FOR             shift and go to state 27
    RETURN          shift and go to state 28
    NAME            shift and go to state 23
    LPAREN          shift and go to state 29

    block                          shift and go to state 154
    command                        shift and go to state 6
    list_vars                      shift and go to state 8
    call_function                  shift and go to state 9
    rotulo                         shift and go to state 10
    struct_while                   shift and go to state 13
    struct_repeat                  shift and go to state 14
    if                             shift and go to state 15
    struct_for                     shift and go to state 16
    struct_for_in                  shift and go to state 17
    command_ret                    shift and go to state 19
    var                            shift and go to state 20
    prefix_exp                     shift and go to state 21

state 148

    (77) else_opt -> empty .

    END             reduce using rule 77 (else_opt -> empty .)


state 149

    (80) struct_for -> FOR NAME ATRIB exp COMMA exp . DO block END
    (81) struct_for -> FOR NAME ATRIB exp COMMA exp . COMMA exp DO block END
    (49) exp -> exp . PLUS exp
    (50) exp -> exp . MINUS exp
    (51) exp -> exp . TIMES exp
    (52) exp -> exp . DIVIDE exp
    (53) exp -> exp . EXPO exp
    (54) exp -> exp . PERCENTUAL exp
    (55) exp -> exp . CONCAT exp
    (56) exp -> exp . LT exp
    (57) exp -> exp . LTEQUALS exp
    (58) exp -> exp . GT exp
    (59) exp -> exp . GTEQUALS exp
    (60) exp -> exp . EQUALS exp
    (61) exp -> exp . DIF exp
    (62) exp -> exp . AND exp
    (63) exp -> exp . OR exp

    DO              shift and go to state 156
    COMMA           shift and go to state 155
    PLUS            shift and go to state 80
    MINUS           shift and go to state 81
    TIMES           shift and go to state 82
    DIVIDE          shift and go to state 83
    EXPO            shift and go to state 84
    PERCENTUAL      shift and go to state 85
    CONCAT          shift and go to state 86
    LT              shift and go to state 87
    LTEQUALS        shift and go to state 88
    GT              shift and go to state 89
    GTEQUALS        shift and go to state 90
    EQUALS          shift and go to state 91
    DIF             shift and go to state 92
    AND             shift and go to state 93
    OR              shift and go to state 94


state 150

    (82) struct_for_in -> FOR list_names IN list_exps DO block . END

    END             shift and go to state 157


state 151

    (67) body_function -> LPAREN list_pars RPAREN block END .

    FUNCTION        reduce using rule 67 (body_function -> LPAREN list_pars RPAREN block END .)
    BREAK           reduce using rule 67 (body_function -> LPAREN list_pars RPAREN block END .)
    DO              reduce using rule 67 (body_function -> LPAREN list_pars RPAREN block END .)
    LOCAL           reduce using rule 67 (body_function -> LPAREN list_pars RPAREN block END .)
    DUALCOLON       reduce using rule 67 (body_function -> LPAREN list_pars RPAREN block END .)
    WHILE           reduce using rule 67 (body_function -> LPAREN list_pars RPAREN block END .)
    REPEAT          reduce using rule 67 (body_function -> LPAREN list_pars RPAREN block END .)
    IF              reduce using rule 67 (body_function -> LPAREN list_pars RPAREN block END .)
    FOR             reduce using rule 67 (body_function -> LPAREN list_pars RPAREN block END .)
    RETURN          reduce using rule 67 (body_function -> LPAREN list_pars RPAREN block END .)
    NAME            reduce using rule 67 (body_function -> LPAREN list_pars RPAREN block END .)
    LPAREN          reduce using rule 67 (body_function -> LPAREN list_pars RPAREN block END .)
    $end            reduce using rule 67 (body_function -> LPAREN list_pars RPAREN block END .)
    PLUS            reduce using rule 67 (body_function -> LPAREN list_pars RPAREN block END .)
    MINUS           reduce using rule 67 (body_function -> LPAREN list_pars RPAREN block END .)
    TIMES           reduce using rule 67 (body_function -> LPAREN list_pars RPAREN block END .)
    DIVIDE          reduce using rule 67 (body_function -> LPAREN list_pars RPAREN block END .)
    EXPO            reduce using rule 67 (body_function -> LPAREN list_pars RPAREN block END .)
    PERCENTUAL      reduce using rule 67 (body_function -> LPAREN list_pars RPAREN block END .)
    CONCAT          reduce using rule 67 (body_function -> LPAREN list_pars RPAREN block END .)
    LT              reduce using rule 67 (body_function -> LPAREN list_pars RPAREN block END .)
    LTEQUALS        reduce using rule 67 (body_function -> LPAREN list_pars RPAREN block END .)
    GT              reduce using rule 67 (body_function -> LPAREN list_pars RPAREN block END .)
    GTEQUALS        reduce using rule 67 (body_function -> LPAREN list_pars RPAREN block END .)
    EQUALS          reduce using rule 67 (body_function -> LPAREN list_pars RPAREN block END .)
    DIF             reduce using rule 67 (body_function -> LPAREN list_pars RPAREN block END .)
    AND             reduce using rule 67 (body_function -> LPAREN list_pars RPAREN block END .)
    OR              reduce using rule 67 (body_function -> LPAREN list_pars RPAREN block END .)
    THEN            reduce using rule 67 (body_function -> LPAREN list_pars RPAREN block END .)
    COMMA           reduce using rule 67 (body_function -> LPAREN list_pars RPAREN block END .)
    SEMICOLON       reduce using rule 67 (body_function -> LPAREN list_pars RPAREN block END .)
    END             reduce using rule 67 (body_function -> LPAREN list_pars RPAREN block END .)
    UNTIL           reduce using rule 67 (body_function -> LPAREN list_pars RPAREN block END .)
    ELSEIF          reduce using rule 67 (body_function -> LPAREN list_pars RPAREN block END .)
    ELSE            reduce using rule 67 (body_function -> LPAREN list_pars RPAREN block END .)
    RPAREN          reduce using rule 67 (body_function -> LPAREN list_pars RPAREN block END .)
    RCOLCH          reduce using rule 67 (body_function -> LPAREN list_pars RPAREN block END .)


state 152

    (73) if -> IF exp THEN block elseif_list else_opt END .

    BREAK           reduce using rule 73 (if -> IF exp THEN block elseif_list else_opt END .)
    DO              reduce using rule 73 (if -> IF exp THEN block elseif_list else_opt END .)
    LOCAL           reduce using rule 73 (if -> IF exp THEN block elseif_list else_opt END .)
    DUALCOLON       reduce using rule 73 (if -> IF exp THEN block elseif_list else_opt END .)
    WHILE           reduce using rule 73 (if -> IF exp THEN block elseif_list else_opt END .)
    REPEAT          reduce using rule 73 (if -> IF exp THEN block elseif_list else_opt END .)
    IF              reduce using rule 73 (if -> IF exp THEN block elseif_list else_opt END .)
    FOR             reduce using rule 73 (if -> IF exp THEN block elseif_list else_opt END .)
    RETURN          reduce using rule 73 (if -> IF exp THEN block elseif_list else_opt END .)
    NAME            reduce using rule 73 (if -> IF exp THEN block elseif_list else_opt END .)
    LPAREN          reduce using rule 73 (if -> IF exp THEN block elseif_list else_opt END .)
    FUNCTION        reduce using rule 73 (if -> IF exp THEN block elseif_list else_opt END .)
    $end            reduce using rule 73 (if -> IF exp THEN block elseif_list else_opt END .)
    END             reduce using rule 73 (if -> IF exp THEN block elseif_list else_opt END .)
    UNTIL           reduce using rule 73 (if -> IF exp THEN block elseif_list else_opt END .)
    ELSEIF          reduce using rule 73 (if -> IF exp THEN block elseif_list else_opt END .)
    ELSE            reduce using rule 73 (if -> IF exp THEN block elseif_list else_opt END .)


state 153

    (74) elseif_list -> elseif_list ELSEIF exp . THEN block
    (49) exp -> exp . PLUS exp
    (50) exp -> exp . MINUS exp
    (51) exp -> exp . TIMES exp
    (52) exp -> exp . DIVIDE exp
    (53) exp -> exp . EXPO exp
    (54) exp -> exp . PERCENTUAL exp
    (55) exp -> exp . CONCAT exp
    (56) exp -> exp . LT exp
    (57) exp -> exp . LTEQUALS exp
    (58) exp -> exp . GT exp
    (59) exp -> exp . GTEQUALS exp
    (60) exp -> exp . EQUALS exp
    (61) exp -> exp . DIF exp
    (62) exp -> exp . AND exp
    (63) exp -> exp . OR exp

    THEN            shift and go to state 158
    PLUS            shift and go to state 80
    MINUS           shift and go to state 81
    TIMES           shift and go to state 82
    DIVIDE          shift and go to state 83
    EXPO            shift and go to state 84
    PERCENTUAL      shift and go to state 85
    CONCAT          shift and go to state 86
    LT              shift and go to state 87
    LTEQUALS        shift and go to state 88
    GT              shift and go to state 89
    GTEQUALS        shift and go to state 90
    EQUALS          shift and go to state 91
    DIF             shift and go to state 92
    AND             shift and go to state 93
    OR              shift and go to state 94


state 154

    (76) else_opt -> ELSE block .

    END             reduce using rule 76 (else_opt -> ELSE block .)


state 155

    (81) struct_for -> FOR NAME ATRIB exp COMMA exp COMMA . exp DO block END
    (28) exp -> . prefix_exp args
    (38) exp -> . NIL
    (39) exp -> . FALSE
    (40) exp -> . TRUE
    (41) exp -> . NUMBER
    (42) exp -> . STRING
    (43) exp -> . VARARGS
    (44) exp -> . def_function
    (45) exp -> . prefix_exp
    (46) exp -> . TAG exp
    (47) exp -> . MINUS exp
    (48) exp -> . NOT exp
    (49) exp -> . exp PLUS exp
    (50) exp -> . exp MINUS exp
    (51) exp -> . exp TIMES exp
    (52) exp -> . exp DIVIDE exp
    (53) exp -> . exp EXPO exp
    (54) exp -> . exp PERCENTUAL exp
    (55) exp -> . exp CONCAT exp
    (56) exp -> . exp LT exp
    (57) exp -> . exp LTEQUALS exp
    (58) exp -> . exp GT exp
    (59) exp -> . exp GTEQUALS exp
    (60) exp -> . exp EQUALS exp
    (61) exp -> . exp DIF exp
    (62) exp -> . exp AND exp
    (63) exp -> . exp OR exp
    (29) prefix_exp -> . NAME
    (30) prefix_exp -> . LPAREN exp RPAREN
    (31) prefix_exp -> . prefix_exp sufix_exp
    (65) def_function -> . function
    (71) function -> . FUNCTION name_function body_function

    NIL             shift and go to state 47
    FALSE           shift and go to state 48
    TRUE            shift and go to state 49
    NUMBER          shift and go to state 50
    STRING          shift and go to state 51
    VARARGS         shift and go to state 52
    TAG             shift and go to state 54
    MINUS           shift and go to state 55
    NOT             shift and go to state 56
    NAME            shift and go to state 57
    LPAREN          shift and go to state 29
    FUNCTION        shift and go to state 7

    exp                            shift and go to state 159
    prefix_exp                     shift and go to state 46
    def_function                   shift and go to state 53
    function                       shift and go to state 58

state 156

    (80) struct_for -> FOR NAME ATRIB exp COMMA exp DO . block END
    (6) block -> . command
    (7) block -> . command block
    (8) command -> . list_vars ATRIB list_exps
    (9) command -> . call_function
    (10) command -> . rotulo
    (11) command -> . BREAK
    (12) command -> . DO block END
    (13) command -> . struct_while
    (14) command -> . struct_repeat
    (15) command -> . if
    (16) command -> . struct_for
    (17) command -> . struct_for_in
    (18) command -> . LOCAL list_vars ATRIB list_exps
    (19) command -> . command_ret
    (24) list_vars -> . var
    (25) list_vars -> . var COMMA list_vars
    (64) call_function -> . prefix_exp args
    (23) rotulo -> . DUALCOLON NAME DUALCOLON
    (79) struct_while -> . WHILE exp DO block END
    (83) struct_repeat -> . REPEAT block UNTIL exp
    (73) if -> . IF exp THEN block elseif_list else_opt END
    (80) struct_for -> . FOR NAME ATRIB exp COMMA exp DO block END
    (81) struct_for -> . FOR NAME ATRIB exp COMMA exp COMMA exp DO block END
    (82) struct_for_in -> . FOR list_names IN list_exps DO block END
    (20) command_ret -> . RETURN SEMICOLON
    (21) command_ret -> . RETURN list_exps
    (22) command_ret -> . RETURN list_exps SEMICOLON
    (26) var -> . NAME
    (27) var -> . prefix_exp LCOLCH exp RCOLCH
    (29) prefix_exp -> . NAME
    (30) prefix_exp -> . LPAREN exp RPAREN
    (31) prefix_exp -> . prefix_exp sufix_exp

    BREAK           shift and go to state 11
    DO              shift and go to state 12
    LOCAL           shift and go to state 18
    DUALCOLON       shift and go to state 22
    WHILE           shift and go to state 24
    REPEAT          shift and go to state 25
    IF              shift and go to state 26
    FOR             shift and go to state 27
    RETURN          shift and go to state 28
    NAME            shift and go to state 23
    LPAREN          shift and go to state 29

    block                          shift and go to state 160
    command                        shift and go to state 6
    list_vars                      shift and go to state 8
    call_function                  shift and go to state 9
    rotulo                         shift and go to state 10
    struct_while                   shift and go to state 13
    struct_repeat                  shift and go to state 14
    if                             shift and go to state 15
    struct_for                     shift and go to state 16
    struct_for_in                  shift and go to state 17
    command_ret                    shift and go to state 19
    var                            shift and go to state 20
    prefix_exp                     shift and go to state 21

state 157

    (82) struct_for_in -> FOR list_names IN list_exps DO block END .

    BREAK           reduce using rule 82 (struct_for_in -> FOR list_names IN list_exps DO block END .)
    DO              reduce using rule 82 (struct_for_in -> FOR list_names IN list_exps DO block END .)
    LOCAL           reduce using rule 82 (struct_for_in -> FOR list_names IN list_exps DO block END .)
    DUALCOLON       reduce using rule 82 (struct_for_in -> FOR list_names IN list_exps DO block END .)
    WHILE           reduce using rule 82 (struct_for_in -> FOR list_names IN list_exps DO block END .)
    REPEAT          reduce using rule 82 (struct_for_in -> FOR list_names IN list_exps DO block END .)
    IF              reduce using rule 82 (struct_for_in -> FOR list_names IN list_exps DO block END .)
    FOR             reduce using rule 82 (struct_for_in -> FOR list_names IN list_exps DO block END .)
    RETURN          reduce using rule 82 (struct_for_in -> FOR list_names IN list_exps DO block END .)
    NAME            reduce using rule 82 (struct_for_in -> FOR list_names IN list_exps DO block END .)
    LPAREN          reduce using rule 82 (struct_for_in -> FOR list_names IN list_exps DO block END .)
    FUNCTION        reduce using rule 82 (struct_for_in -> FOR list_names IN list_exps DO block END .)
    $end            reduce using rule 82 (struct_for_in -> FOR list_names IN list_exps DO block END .)
    END             reduce using rule 82 (struct_for_in -> FOR list_names IN list_exps DO block END .)
    UNTIL           reduce using rule 82 (struct_for_in -> FOR list_names IN list_exps DO block END .)
    ELSEIF          reduce using rule 82 (struct_for_in -> FOR list_names IN list_exps DO block END .)
    ELSE            reduce using rule 82 (struct_for_in -> FOR list_names IN list_exps DO block END .)


state 158

    (74) elseif_list -> elseif_list ELSEIF exp THEN . block
    (6) block -> . command
    (7) block -> . command block
    (8) command -> . list_vars ATRIB list_exps
    (9) command -> . call_function
    (10) command -> . rotulo
    (11) command -> . BREAK
    (12) command -> . DO block END
    (13) command -> . struct_while
    (14) command -> . struct_repeat
    (15) command -> . if
    (16) command -> . struct_for
    (17) command -> . struct_for_in
    (18) command -> . LOCAL list_vars ATRIB list_exps
    (19) command -> . command_ret
    (24) list_vars -> . var
    (25) list_vars -> . var COMMA list_vars
    (64) call_function -> . prefix_exp args
    (23) rotulo -> . DUALCOLON NAME DUALCOLON
    (79) struct_while -> . WHILE exp DO block END
    (83) struct_repeat -> . REPEAT block UNTIL exp
    (73) if -> . IF exp THEN block elseif_list else_opt END
    (80) struct_for -> . FOR NAME ATRIB exp COMMA exp DO block END
    (81) struct_for -> . FOR NAME ATRIB exp COMMA exp COMMA exp DO block END
    (82) struct_for_in -> . FOR list_names IN list_exps DO block END
    (20) command_ret -> . RETURN SEMICOLON
    (21) command_ret -> . RETURN list_exps
    (22) command_ret -> . RETURN list_exps SEMICOLON
    (26) var -> . NAME
    (27) var -> . prefix_exp LCOLCH exp RCOLCH
    (29) prefix_exp -> . NAME
    (30) prefix_exp -> . LPAREN exp RPAREN
    (31) prefix_exp -> . prefix_exp sufix_exp

    BREAK           shift and go to state 11
    DO              shift and go to state 12
    LOCAL           shift and go to state 18
    DUALCOLON       shift and go to state 22
    WHILE           shift and go to state 24
    REPEAT          shift and go to state 25
    IF              shift and go to state 26
    FOR             shift and go to state 27
    RETURN          shift and go to state 28
    NAME            shift and go to state 23
    LPAREN          shift and go to state 29

    block                          shift and go to state 161
    command                        shift and go to state 6
    list_vars                      shift and go to state 8
    call_function                  shift and go to state 9
    rotulo                         shift and go to state 10
    struct_while                   shift and go to state 13
    struct_repeat                  shift and go to state 14
    if                             shift and go to state 15
    struct_for                     shift and go to state 16
    struct_for_in                  shift and go to state 17
    command_ret                    shift and go to state 19
    var                            shift and go to state 20
    prefix_exp                     shift and go to state 21

state 159

    (81) struct_for -> FOR NAME ATRIB exp COMMA exp COMMA exp . DO block END
    (49) exp -> exp . PLUS exp
    (50) exp -> exp . MINUS exp
    (51) exp -> exp . TIMES exp
    (52) exp -> exp . DIVIDE exp
    (53) exp -> exp . EXPO exp
    (54) exp -> exp . PERCENTUAL exp
    (55) exp -> exp . CONCAT exp
    (56) exp -> exp . LT exp
    (57) exp -> exp . LTEQUALS exp
    (58) exp -> exp . GT exp
    (59) exp -> exp . GTEQUALS exp
    (60) exp -> exp . EQUALS exp
    (61) exp -> exp . DIF exp
    (62) exp -> exp . AND exp
    (63) exp -> exp . OR exp

    DO              shift and go to state 162
    PLUS            shift and go to state 80
    MINUS           shift and go to state 81
    TIMES           shift and go to state 82
    DIVIDE          shift and go to state 83
    EXPO            shift and go to state 84
    PERCENTUAL      shift and go to state 85
    CONCAT          shift and go to state 86
    LT              shift and go to state 87
    LTEQUALS        shift and go to state 88
    GT              shift and go to state 89
    GTEQUALS        shift and go to state 90
    EQUALS          shift and go to state 91
    DIF             shift and go to state 92
    AND             shift and go to state 93
    OR              shift and go to state 94


state 160

    (80) struct_for -> FOR NAME ATRIB exp COMMA exp DO block . END

    END             shift and go to state 163


state 161

    (74) elseif_list -> elseif_list ELSEIF exp THEN block .

    ELSEIF          reduce using rule 74 (elseif_list -> elseif_list ELSEIF exp THEN block .)
    ELSE            reduce using rule 74 (elseif_list -> elseif_list ELSEIF exp THEN block .)
    END             reduce using rule 74 (elseif_list -> elseif_list ELSEIF exp THEN block .)


state 162

    (81) struct_for -> FOR NAME ATRIB exp COMMA exp COMMA exp DO . block END
    (6) block -> . command
    (7) block -> . command block
    (8) command -> . list_vars ATRIB list_exps
    (9) command -> . call_function
    (10) command -> . rotulo
    (11) command -> . BREAK
    (12) command -> . DO block END
    (13) command -> . struct_while
    (14) command -> . struct_repeat
    (15) command -> . if
    (16) command -> . struct_for
    (17) command -> . struct_for_in
    (18) command -> . LOCAL list_vars ATRIB list_exps
    (19) command -> . command_ret
    (24) list_vars -> . var
    (25) list_vars -> . var COMMA list_vars
    (64) call_function -> . prefix_exp args
    (23) rotulo -> . DUALCOLON NAME DUALCOLON
    (79) struct_while -> . WHILE exp DO block END
    (83) struct_repeat -> . REPEAT block UNTIL exp
    (73) if -> . IF exp THEN block elseif_list else_opt END
    (80) struct_for -> . FOR NAME ATRIB exp COMMA exp DO block END
    (81) struct_for -> . FOR NAME ATRIB exp COMMA exp COMMA exp DO block END
    (82) struct_for_in -> . FOR list_names IN list_exps DO block END
    (20) command_ret -> . RETURN SEMICOLON
    (21) command_ret -> . RETURN list_exps
    (22) command_ret -> . RETURN list_exps SEMICOLON
    (26) var -> . NAME
    (27) var -> . prefix_exp LCOLCH exp RCOLCH
    (29) prefix_exp -> . NAME
    (30) prefix_exp -> . LPAREN exp RPAREN
    (31) prefix_exp -> . prefix_exp sufix_exp

    BREAK           shift and go to state 11
    DO              shift and go to state 12
    LOCAL           shift and go to state 18
    DUALCOLON       shift and go to state 22
    WHILE           shift and go to state 24
    REPEAT          shift and go to state 25
    IF              shift and go to state 26
    FOR             shift and go to state 27
    RETURN          shift and go to state 28
    NAME            shift and go to state 23
    LPAREN          shift and go to state 29

    block                          shift and go to state 164
    command                        shift and go to state 6
    list_vars                      shift and go to state 8
    call_function                  shift and go to state 9
    rotulo                         shift and go to state 10
    struct_while                   shift and go to state 13
    struct_repeat                  shift and go to state 14
    if                             shift and go to state 15
    struct_for                     shift and go to state 16
    struct_for_in                  shift and go to state 17
    command_ret                    shift and go to state 19
    var                            shift and go to state 20
    prefix_exp                     shift and go to state 21

state 163

    (80) struct_for -> FOR NAME ATRIB exp COMMA exp DO block END .

    BREAK           reduce using rule 80 (struct_for -> FOR NAME ATRIB exp COMMA exp DO block END .)
    DO              reduce using rule 80 (struct_for -> FOR NAME ATRIB exp COMMA exp DO block END .)
    LOCAL           reduce using rule 80 (struct_for -> FOR NAME ATRIB exp COMMA exp DO block END .)
    DUALCOLON       reduce using rule 80 (struct_for -> FOR NAME ATRIB exp COMMA exp DO block END .)
    WHILE           reduce using rule 80 (struct_for -> FOR NAME ATRIB exp COMMA exp DO block END .)
    REPEAT          reduce using rule 80 (struct_for -> FOR NAME ATRIB exp COMMA exp DO block END .)
    IF              reduce using rule 80 (struct_for -> FOR NAME ATRIB exp COMMA exp DO block END .)
    FOR             reduce using rule 80 (struct_for -> FOR NAME ATRIB exp COMMA exp DO block END .)
    RETURN          reduce using rule 80 (struct_for -> FOR NAME ATRIB exp COMMA exp DO block END .)
    NAME            reduce using rule 80 (struct_for -> FOR NAME ATRIB exp COMMA exp DO block END .)
    LPAREN          reduce using rule 80 (struct_for -> FOR NAME ATRIB exp COMMA exp DO block END .)
    FUNCTION        reduce using rule 80 (struct_for -> FOR NAME ATRIB exp COMMA exp DO block END .)
    $end            reduce using rule 80 (struct_for -> FOR NAME ATRIB exp COMMA exp DO block END .)
    END             reduce using rule 80 (struct_for -> FOR NAME ATRIB exp COMMA exp DO block END .)
    UNTIL           reduce using rule 80 (struct_for -> FOR NAME ATRIB exp COMMA exp DO block END .)
    ELSEIF          reduce using rule 80 (struct_for -> FOR NAME ATRIB exp COMMA exp DO block END .)
    ELSE            reduce using rule 80 (struct_for -> FOR NAME ATRIB exp COMMA exp DO block END .)


state 164

    (81) struct_for -> FOR NAME ATRIB exp COMMA exp COMMA exp DO block . END

    END             shift and go to state 165


state 165

    (81) struct_for -> FOR NAME ATRIB exp COMMA exp COMMA exp DO block END .

    BREAK           reduce using rule 81 (struct_for -> FOR NAME ATRIB exp COMMA exp COMMA exp DO block END .)
    DO              reduce using rule 81 (struct_for -> FOR NAME ATRIB exp COMMA exp COMMA exp DO block END .)
    LOCAL           reduce using rule 81 (struct_for -> FOR NAME ATRIB exp COMMA exp COMMA exp DO block END .)
    DUALCOLON       reduce using rule 81 (struct_for -> FOR NAME ATRIB exp COMMA exp COMMA exp DO block END .)
    WHILE           reduce using rule 81 (struct_for -> FOR NAME ATRIB exp COMMA exp COMMA exp DO block END .)
    REPEAT          reduce using rule 81 (struct_for -> FOR NAME ATRIB exp COMMA exp COMMA exp DO block END .)
    IF              reduce using rule 81 (struct_for -> FOR NAME ATRIB exp COMMA exp COMMA exp DO block END .)
    FOR             reduce using rule 81 (struct_for -> FOR NAME ATRIB exp COMMA exp COMMA exp DO block END .)
    RETURN          reduce using rule 81 (struct_for -> FOR NAME ATRIB exp COMMA exp COMMA exp DO block END .)
    NAME            reduce using rule 81 (struct_for -> FOR NAME ATRIB exp COMMA exp COMMA exp DO block END .)
    LPAREN          reduce using rule 81 (struct_for -> FOR NAME ATRIB exp COMMA exp COMMA exp DO block END .)
    FUNCTION        reduce using rule 81 (struct_for -> FOR NAME ATRIB exp COMMA exp COMMA exp DO block END .)
    $end            reduce using rule 81 (struct_for -> FOR NAME ATRIB exp COMMA exp COMMA exp DO block END .)
    END             reduce using rule 81 (struct_for -> FOR NAME ATRIB exp COMMA exp COMMA exp DO block END .)
    UNTIL           reduce using rule 81 (struct_for -> FOR NAME ATRIB exp COMMA exp COMMA exp DO block END .)
    ELSEIF          reduce using rule 81 (struct_for -> FOR NAME ATRIB exp COMMA exp COMMA exp DO block END .)
    ELSE            reduce using rule 81 (struct_for -> FOR NAME ATRIB exp COMMA exp COMMA exp DO block END .)

WARNING: 
WARNING: Conflicts:
WARNING: 
WARNING: shift/reduce conflict for BREAK in state 6 resolved as shift
WARNING: shift/reduce conflict for DO in state 6 resolved as shift
WARNING: shift/reduce conflict for LOCAL in state 6 resolved as shift
WARNING: shift/reduce conflict for DUALCOLON in state 6 resolved as shift
WARNING: shift/reduce conflict for WHILE in state 6 resolved as shift
WARNING: shift/reduce conflict for REPEAT in state 6 resolved as shift
WARNING: shift/reduce conflict for IF in state 6 resolved as shift
WARNING: shift/reduce conflict for FOR in state 6 resolved as shift
WARNING: shift/reduce conflict for RETURN in state 6 resolved as shift
WARNING: shift/reduce conflict for NAME in state 6 resolved as shift
WARNING: shift/reduce conflict for LPAREN in state 6 resolved as shift
WARNING: shift/reduce conflict for LPAREN in state 46 resolved as shift
WARNING: shift/reduce conflict for COMMA in state 110 resolved as shift
WARNING: reduce/reduce conflict in state 75 resolved using rule (prefix_exp -> NAME)
WARNING: rejected rule (sufix_exp -> DOT NAME) in state 75
